Protocollo;Gruppo;DataOraIncidente;Localizzazione1;STRADA1;Localizzazione2;STRADA2;Strada02;Chilometrica;DaSpecificare;NaturaIncidente;particolaritastrade;TipoStrada;FondoStradale;Pavimentazione;Segnaletica;CondizioneAtmosferica;Traffico;Visibilita;Illuminazione;NUM_FERITI;NUM_RISERVATA;NUM_MORTI;NUM_ILLESI;Longitudine;Latitudine;Confermato;Progressivo;TipoVeicolo;StatoVeicolo;TipoPersona;Sesso;Tipolesione;Deceduto;DecedutoDopo;CinturaCascoUtilizzato;Airbag
2842225;13;01/06/2016 19:30;Strada Urbana;VIA LITORANEA;da specificare;;;;FRONTE FERMATA BUS;Veicolo in marcia contro ostacolo fisso;Rettilineo;Una carreggiata a doppio senso;Asciutto;Asfaltata;Orizzontale;Sereno;Normale;Buona;Ore Diurne;1;0;0;0;12.37354;41.68762;-1;1;Velocipede;In marcia / fermata / arresto;Conducente;M;Rimandato;0;NON DECEDUTO;Esente;
2842228;13;01/06/2016 19:30;Strada Urbana;VIA CARLO BOSIO;in corrispondenza;;del civico n.;110;;Veicolo in marcia contro veicolo in sosta;Rettilineo;Due carreggiate;Asciutto;Asfaltata;Verticale ed orizzontale;Sereno;Normale;Buona;Ore Diurne;0;0;0;1;12.27218;41.73974;-1;2;Autovettura privata;In marcia / fermata / arresto;Conducente;M;Illeso;0;;Non accertato;Inesistente
2842230;13;02/06/2016 09:30;Strada Urbana;LUNGOMARE AMERIGO VESPUCCI;da specificare;;;;PRESSI CIV. 172;Tamponamento Multiplo;Rettilineo;Una carreggiata a doppio senso;Asciutto;Asfaltata;Verticale ed orizzontale;Nuvoloso;Scarso;Buona;Ore Diurne;1;0;0;2;12.33402;41.70723;-1;1;Velocipede;In marcia / fermata / arresto;Conducente;M;Rimandato;0;NON DECEDUTO;Esente;
2842230;13;02/06/2016 09:30;Strada Urbana;LUNGOMARE AMERIGO VESPUCCI;da specificare;;;;PRESSI CIV. 172;Tamponamento Multiplo;Rettilineo;Una carreggiata a doppio senso;Asciutto;Asfaltata;Verticale ed orizzontale;Nuvoloso;Scarso;Buona;Ore Diurne;1;0;0;2;12.33402;41.70723;-1;2;Velocipede;In marcia / fermata / arresto;Conducente;M;Illeso;0;;Esente;
2842230;13;02/06/2016 09:30;Strada Urbana;LUNGOMARE AMERIGO VESPUCCI;da specificare;;;;PRESSI CIV. 172;Tamponamento Multiplo;Rettilineo;Una carreggiata a doppio senso;Asciutto;Asfaltata;Verticale ed orizzontale;Nuvoloso;Scarso;Buona;Ore Diurne;1;0;0;2;12.33402;41.70723;-1;3;Autovettura privata;In marcia / fermata / arresto;Conducente;F;Illeso;0;;Non accertato;Inesploso
2842232;13;02/06/2016 10:20;Strada Urbana;VIALE DELLE REPUBBLICHE MARINARE;all'intersezione con;CORSO DUCA DI GENOVA;CORSO DUCA DI GENOVA;;;Scontro frontale/laterale DX fra veicoli in marcia;Incrocio;Una carreggiata a doppio senso;Asciutto;Asfaltata;Verticale ed orizzontale;Nuvoloso;Scarso;Buona;Ore Diurne;0;0;0;2;12.2682;41.73497;-1;1;Autovettura privata;In marcia / fermata / arresto;Conducente;M;Illeso;0;;Non accertato;Inesploso
2842232;13;02/06/2016 10:20;Strada Urbana;VIALE DELLE REPUBBLICHE MARINARE;all'intersezione con;CORSO DUCA DI GENOVA;CORSO DUCA DI GENOVA;;;Scontro frontale/laterale DX fra veicoli in marcia;Incrocio;Una carreggiata a doppio senso;Asciutto;Asfaltata;Verticale ed orizzontale;Nuvoloso;Scarso;Buona;Ore Diurne;0;0;0;2;12.2682;41.73497;-1;2;Autovettura privata;In marcia / fermata / arresto;Conducente;M;Illeso;0;;Non accertato;Inesploso
2842428;2;03/06/2016 01:30;Strada Urbana;VIA SALARIA;da specificare;;;;dir. Centro 200 mt. circa prima URBE;Veicolo in marcia contro ostacolo fisso;Rettilineo;Due carreggiate;Asciutto;Asfaltata;Verticale ed orizzontale;Sereno;Scarso;Buona;Sufficiente;1;0;0;0;12.50548;41.95259;-1;1;Autovettura privata;In marcia / fermata / arresto;Conducente;M;Rimandato;0;NON DECEDUTO;;
2842499;9;02/06/2016 12:30;Strada Urbana;VIA NOLA;all'intersezione semaforizzata con;VIA LA SPEZIA;VIA LA SPEZIA;;;Scontro frontale/laterale DX fra veicoli in marcia;Incrocio;Una carreggiata a senso unico alternato;Asciutto;Asfaltata;Verticale ed orizzontale;Nuvoloso;Normale;Buona;Ore Diurne;1;0;0;4;12.51529;41.8863;-1;1;Autovettura privata;In marcia / fermata / arresto;Conducente;F;Illeso;0;;Utilizzato;Inesploso
2842499;9;02/06/2016 12:30;Strada Urbana;VIA NOLA;all'intersezione semaforizzata con;VIA LA SPEZIA;VIA LA SPEZIA;;;Scontro frontale/laterale DX fra veicoli in marcia;Incrocio;Una carreggiata a senso unico alternato;Asciutto;Asfaltata;Verticale ed orizzontale;Nuvoloso;Normale;Buona;Ore Diurne;1;0;0;4;12.51529;41.8863;-1;1;Autovettura privata;In marcia / fermata / arresto;Passeggero;M;Illeso;0;;Non accertato;Inesploso
2842499;9;02/06/2016 12:30;Strada Urbana;VIA NOLA;all'intersezione semaforizzata con;VIA LA SPEZIA;VIA LA SPEZIA;;;Scontro frontale/laterale DX fra veicoli in marcia;Incrocio;Una carreggiata a senso unico alternato;Asciutto;Asfaltata;Verticale ed orizzontale;Nuvoloso;Normale;Buona;Ore Diurne;1;0;0;4;12.51529;41.8863;-1;2;Motociclo con passeggero;In marcia / fermata / arresto;Conducente;F;Rimandato;0;NON DECEDUTO;Non accertato;
2842499;9;02/06/2016 12:30;Strada Urbana;VIA NOLA;all'intersezione semaforizzata con;VIA LA SPEZIA;VIA LA SPEZIA;;;Scontro frontale/laterale DX fra veicoli in marcia;Incrocio;Una carreggiata a senso unico alternato;Asciutto;Asfaltata;Verticale ed orizzontale;Nuvoloso;Normale;Buona;Ore Diurne;1;0;0;4;12.51529;41.8863;-1;2;Motociclo con passeggero;In marcia / fermata / arresto;Passeggero;M;Illeso;0;;Non accertato;
2842515;9;01/06/2016 15:40;Strada Urbana;VIA MUZIO SCEVOLA;all'intersezione con;VIA CAMILLA;VIA CAMILLA;;;Scontro frontale/laterale SX fra veicoli in marcia;Incrocio;Una carreggiata a senso unico di marcia;Asciutto;Asfaltata;Verticale ed orizzontale;Nuvoloso;Normale;Buona;Ore Diurne;0;0;0;2;12.52584;41.87563;-1;1;Autovettura privata;In marcia / fermata / arresto;Conducente;M;Illeso;0;;Non accertato;Inesploso
2842515;9;01/06/2016 15:40;Strada Urbana;VIA MUZIO SCEVOLA;all'intersezione con;VIA CAMILLA;VIA CAMILLA;;;Scontro frontale/laterale SX fra veicoli in marcia;Incrocio;Una carreggiata a senso unico di marcia;Asciutto;Asfaltata;Verticale ed orizzontale;Nuvoloso;Normale;Buona;Ore Diurne;0;0;0;2;12.52584;41.87563;-1;2;Autovettura privata;In marcia / fermata / arresto;Conducente;M;Illeso;0;;Non accertato;Inesploso
2842521;11;01/06/2016 13:15;Strada Urbana;VIALE GUGLIELMO MARCONI;in corrispondenza;;del civico n.;582;;Scontro laterale fra veicoli in marcia;Rettilineo;Due carreggiate;Asciutto;Asfaltata;Verticale ed orizzontale;Sereno;Normale;Buona;Ore Diurne;0;0;0;5;12.47205;41.85467;-1;1;Autovettura privata;In marcia / fermata / arresto;Conducente;M;Illeso;0;;Non accertato;Inesploso
2842521;11;01/06/2016 13:15;Strada Urbana;VIALE GUGLIELMO MARCONI;in corrispondenza;;del civico n.;582;;Scontro laterale fra veicoli in marcia;Rettilineo;Due carreggiate;Asciutto;Asfaltata;Verticale ed orizzontale;Sereno;Normale;Buona;Ore Diurne;0;0;0;5;12.47205;41.85467;-1;1;Autovettura privata;In marcia / fermata / arresto;Passeggero;F;Illeso;0;;;
2842521;11;01/06/2016 13:15;Strada Urbana;VIALE GUGLIELMO MARCONI;in corrispondenza;;del civico n.;582;;Scontro laterale fra veicoli in marcia;Rettilineo;Due carreggiate;Asciutto;Asfaltata;Verticale ed orizzontale;Sereno;Normale;Buona;Ore Diurne;0;0;0;5;12.47205;41.85467;-1;2;Autovettura privata;In marcia / fermata / arresto;Conducente;M;Illeso;0;;Non accertato;Inesploso
2842521;11;01/06/2016 13:15;Strada Urbana;VIALE GUGLIELMO MARCONI;in corrispondenza;;del civico n.;582;;Scontro laterale fra veicoli in marcia;Rettilineo;Due carreggiate;Asciutto;Asfaltata;Verticale ed orizzontale;Sereno;Normale;Buona;Ore Diurne;0;0;0;5;12.47205;41.85467;-1;2;Autovettura privata;In marcia / fermata / arresto;Passeggero;F;Illeso;0;;;
2842521;11;01/06/2016 13:15;Strada Urbana;VIALE GUGLIELMO MARCONI;in corrispondenza;;del civico n.;582;;Scontro laterale fra veicoli in marcia;Rettilineo;Due carreggiate;Asciutto;Asfaltata;Verticale ed orizzontale;Sereno;Normale;Buona;Ore Diurne;0;0;0;5;12.47205;41.85467;-1;2;Autovettura privata;In marcia / fermata / arresto;Passeggero;M;Illeso;0;;;
2842523;11;01/06/2016 14:30;Strada Urbana;VIA DEL SERAFICO;in corrispondenza;;del civico n.;3;;Tamponamento;Rettilineo;Una carreggiata a doppio senso;Asciutto;Asfaltata;Verticale ed orizzontale;Sereno;Intenso;Buona;Ore Diurne;2;0;0;1;12.48162;41.82947;-1;1;Autovettura privata;In marcia / fermata / arresto;Conducente;M;Illeso;0;;;
2842523;11;01/06/2016 14:30;Strada Urbana;VIA DEL SERAFICO;in corrispondenza;;del civico n.;3;;Tamponamento;Rettilineo;Una carreggiata a doppio senso;Asciutto;Asfaltata;Verticale ed orizzontale;Sereno;Intenso;Buona;Ore Diurne;2;0;0;1;12.48162;41.82947;-1;2;Quadriciclo leggero;In marcia / fermata / arresto;Conducente;F;Rimandato;0;NON DECEDUTO;;
2842523;11;01/06/2016 14:30;Strada Urbana;VIA DEL SERAFICO;in corrispondenza;;del civico n.;3;;Tamponamento;Rettilineo;Una carreggiata a doppio senso;Asciutto;Asfaltata;Verticale ed orizzontale;Sereno;Intenso;Buona;Ore Diurne;2;0;0;1;12.48162;41.82947;-1;2;Quadriciclo leggero;In marcia / fermata / arresto;Passeggero;F;Rimandato;0;NON DECEDUTO;Non accertato;Inesploso
2842524;11;01/06/2016 22:40;Strada Urbana;VIA DI TRIGORIA;in corrispondenza;;del civico n.;171;;Veicolo in marcia contro ostacolo fisso;Rettilineo;Una carreggiata a doppio senso;Asciutto;Asfaltata;Verticale ed orizzontale;Sereno;Scarso;Sufficiente;Sufficiente;0;0;0;1;12.4777;41.76443;-1;1;Autovettura privata;In marcia / fermata / arresto;Conducente;M;Illeso;0;;Non accertato;Inesploso
2842534;15;01/06/2016 13:48;Strada Urbana;VIA DELL'IMBRECCIATO;all'intersezione con;VICOLO DI PAPA LEONE;VICOLO DI PAPA LEONE;;;Scontro laterale fra veicoli in marcia;Intersezione non regolata/non segnalata;Una carreggiata a doppio senso;Asciutto;Asfaltata;Orizzontale;Sereno;Normale;Buona;Ore Diurne;0;0;0;2;12.44764;41.84686;-1;1;Autovettura privata;In marcia / fermata / arresto;Conducente;M;Illeso;0;;Utilizzato;Inesploso
2842534;15;01/06/2016 13:48;Strada Urbana;VIA DELL'IMBRECCIATO;all'intersezione con;VICOLO DI PAPA LEONE;VICOLO DI PAPA LEONE;;;Scontro laterale fra veicoli in marcia;Intersezione non regolata/non segnalata;Una carreggiata a doppio senso;Asciutto;Asfaltata;Orizzontale;Sereno;Normale;Buona;Ore Diurne;0;0;0;2;12.44764;41.84686;-1;2;Autovettura privata;In marcia / fermata / arresto;Conducente;M;Illeso;0;;Utilizzato;Inesploso
2842552;5;01/06/2016 06:30;Strada Urbana;VIA TIBURTINA;da specificare;;;;sottopasso S. Getullo direzione G.R.A.;Tamponamento Multiplo;Rettilineo;Più di due carreggiate;Asciutto;Asfaltata;Verticale ed orizzontale;Sereno;Normale;Buona;Ore Diurne;1;0;0;2;12.57323;41.92521;-1;1;Autovettura privata;In marcia / fermata / arresto;Conducente;M;Illeso;0;;Non accertato;
2842552;5;01/06/2016 06:30;Strada Urbana;VIA TIBURTINA;da specificare;;;;sottopasso S. Getullo direzione G.R.A.;Tamponamento Multiplo;Rettilineo;Più di due carreggiate;Asciutto;Asfaltata;Verticale ed orizzontale;Sereno;Normale;Buona;Ore Diurne;1;0;0;2;12.57323;41.92521;-1;2;Autovettura privata;In marcia / fermata / arresto;Conducente;M;Rimandato;0;NON DECEDUTO;Non accertato;
2842552;5;01/06/2016 06:30;Strada Urbana;VIA TIBURTINA;da specificare;;;;sottopasso S. Getullo direzione G.R.A.;Tamponamento Multiplo;Rettilineo;Più di due carreggiate;Asciutto;Asfaltata;Verticale ed orizzontale;Sereno;Normale;Buona;Ore Diurne;1;0;0;2;12.57323;41.92521;-1;3;Autovettura privata;In marcia / fermata / arresto;Conducente;F;Illeso;0;;Non accertato;
2842557;5;01/06/2016 13:55;Strada Urbana;VIALE PALMIRO TOGLIATTI;in prossimità;;del civico n.;1634;;Scontro laterale fra veicoli in marcia;Rettilineo;Due carreggiate;Asciutto;Asfaltata;Orizzontale;Sereno;Normale;Buona;Ore Diurne;1;0;0;2;12.57112;41.91306;-1;1;Autovettura privata;In marcia / fermata / arresto;Conducente;M;Illeso;0;;Non accertato;
2842557;5;01/06/2016 13:55;Strada Urbana;VIALE PALMIRO TOGLIATTI;in prossimità;;del civico n.;1634;;Scontro laterale fra veicoli in marcia;Rettilineo;Due carreggiate;Asciutto;Asfaltata;Orizzontale;Sereno;Normale;Buona;Ore Diurne;1;0;0;2;12.57112;41.91306;-1;1;Autovettura privata;In marcia / fermata / arresto;Passeggero;F;Illeso;0;;Non accertato;
2842557;5;01/06/2016 13:55;Strada Urbana;VIALE PALMIRO TOGLIATTI;in prossimità;;del civico n.;1634;;Scontro laterale fra veicoli in marcia;Rettilineo;Due carreggiate;Asciutto;Asfaltata;Orizzontale;Sereno;Normale;Buona;Ore Diurne;1;0;0;2;12.57112;41.91306;-1;2;Motociclo a solo;In marcia / fermata / arresto;Conducente;M;Rimandato;0;NON DECEDUTO;Non accertato;
2842559;15;01/06/2016 16:15;Strada Urbana;LUNGOTEVERE DEGLI INVENTORI;in corrispondenza;;del civico n.;8;;Veicolo in marcia contro veicolo in sosta;Rettilineo;Una carreggiata a doppio senso;Asciutto;Asfaltata;Orizzontale;Sereno;Intenso;Buona;Ore Diurne;0;0;0;1;12.46919;41.86123;-1;2;Autovettura privata;In marcia / fermata / arresto;Conducente;M;Illeso;0;;Utilizzato;
2842562;17;01/06/2016 06:00;Strada Urbana;CIRCONVALLAZIONE CORNELIA;all'intersezione con;VIA AURELIA;VIA AURELIA;;;Scontro laterale fra veicoli in marcia;Incrocio;Due carreggiate;Asciutto;Asfaltata;Verticale ed orizzontale;Sereno;Normale;Buona;Ore Diurne;1;0;0;1;12.42759;41.89863;-1;1;Motociclo a solo;In marcia / fermata / arresto;Conducente;M;Rimandato;0;NON DECEDUTO;Non accertato;
2842562;17;01/06/2016 06:00;Strada Urbana;CIRCONVALLAZIONE CORNELIA;all'intersezione con;VIA AURELIA;VIA AURELIA;;;Scontro laterale fra veicoli in marcia;Incrocio;Due carreggiate;Asciutto;Asfaltata;Verticale ed orizzontale;Sereno;Normale;Buona;Ore Diurne;1;0;0;1;12.42759;41.89863;-1;2;Autovettura privata;In marcia / fermata / arresto;Conducente;M;Illeso;0;;Non accertato;Inesploso
2842565;11;01/06/2016 22:45;Strada Urbana;VIA DI TRIGORIA;in corrispondenza;;del civico n.;171;;Veicolo in marcia contro ostacolo accidentale;Rettilineo;Una carreggiata a doppio senso;Asciutto;Asfaltata;Verticale ed orizzontale;Sereno;Scarso;Sufficiente;Sufficiente;0;0;0;2;12.4778;41.76444;-1;1;Autovettura privata;In marcia / fermata / arresto;Conducente;M;Illeso;0;;Non accertato;Inesploso
2842565;11;01/06/2016 22:45;Strada Urbana;VIA DI TRIGORIA;in corrispondenza;;del civico n.;171;;Veicolo in marcia contro ostacolo accidentale;Rettilineo;Una carreggiata a doppio senso;Asciutto;Asfaltata;Verticale ed orizzontale;Sereno;Scarso;Sufficiente;Sufficiente;0;0;0;2;12.4778;41.76444;-1;1;Autovettura privata;In marcia / fermata / arresto;Passeggero;M;Illeso;0;;Non accertato;
2842567;11;01/06/2016 18:30;Strada Urbana;VIA GIULIO ARISTIDE SARTORIO;da specificare;;;;prossimità via raffaele sorbi;Scontro laterale fra veicoli in marcia;Rettilineo;Due carreggiate;Asciutto;Asfaltata;Assente;Sereno;Normale;Buona;Ore Diurne;0;0;0;2;12.50098;41.85211;-1;1;Autocarro inferiore 35 q.;In marcia / fermata / arresto;Conducente;M;Illeso;0;;Non accertato;Inesploso
2842567;11;01/06/2016 18:30;Strada Urbana;VIA GIULIO ARISTIDE SARTORIO;da specificare;;;;prossimità via raffaele sorbi;Scontro laterale fra veicoli in marcia;Rettilineo;Due carreggiate;Asciutto;Asfaltata;Assente;Sereno;Normale;Buona;Ore Diurne;0;0;0;2;12.50098;41.85211;-1;2;Autovettura privata;In marcia / fermata / arresto;Conducente;F;Illeso;0;;Non accertato;Inesploso
2842570;15;01/06/2016 16:30;Strada Urbana;VIA DEI MAZZANTI;da specificare;;;;FRONTE CIVICO 13;Veicolo in marcia contro veicoli in sosta;Rettilineo;Una carreggiata a senso unico di marcia;Asciutto;Asfaltata;Verticale ed orizzontale;Nuvoloso;Normale;Buona;Ore Diurne;0;0;0;1;12.41988;41.85174;-1;1;Autovettura privata;In marcia / fermata / arresto;Conducente;M;Illeso;0;;Non accertato;Inesploso
2842576;5;01/06/2016 15:00;Strada Urbana;VIA MOROZZO DELLA ROCCA;in prossimità;;del civico n.;80;;Investimento di pedone;Rettilineo;Una carreggiata a senso unico di marcia;Asciutto;Asfaltata;Orizzontale;Sereno;Normale;Buona;Ore Diurne;0;0;0;2;12.53184;41.8997;-1;;;;Pedone;F;Illeso;0;;;
2842576;5;01/06/2016 15:00;Strada Urbana;VIA MOROZZO DELLA ROCCA;in prossimità;;del civico n.;80;;Investimento di pedone;Rettilineo;Una carreggiata a senso unico di marcia;Asciutto;Asfaltata;Orizzontale;Sereno;Normale;Buona;Ore Diurne;0;0;0;2;12.53184;41.8997;-1;1;Autovettura privata;In marcia / fermata / arresto;Conducente;M;Illeso;0;;Non accertato;Inesploso
2842582;11;02/06/2016 03:00;Strada Urbana;VIALE SS. PIETRO E PAOLO;all'intersezione con;PIAZZA GANDHI;PIAZZA GANDHI;;;Veicolo in marcia contro veicolo in sosta;Incrocio;Una carreggiata a senso unico di marcia;Asciutto;Asfaltata;Verticale ed orizzontale;Sereno;Scarso;Sufficiente;Sufficiente;0;0;0;1;12.45963;41.8329;-1;1;Autovettura privata;In marcia / fermata / arresto;Conducente;M;Illeso;0;;Non accertato;Inesploso
2842586;11;02/06/2016 14:50;Strada Urbana;VIA DI GROTTA PERFETTA;da specificare;;;;in prossimità VIA MARIO MUSCO;Tamponamento;Rettilineo;Una carreggiata a doppio senso;Asciutto;Asfaltata;Verticale ed orizzontale;Nuvoloso;Normale;Buona;Ore Diurne;0;0;0;3;12.50158;41.84057;-1;1;Autovettura privata;In marcia / fermata / arresto;Conducente;M;Illeso;0;;Non accertato;Inesploso
2842586;11;02/06/2016 14:50;Strada Urbana;VIA DI GROTTA PERFETTA;da specificare;;;;in prossimità VIA MARIO MUSCO;Tamponamento;Rettilineo;Una carreggiata a doppio senso;Asciutto;Asfaltata;Verticale ed orizzontale;Nuvoloso;Normale;Buona;Ore Diurne;0;0;0;3;12.50158;41.84057;-1;2;Autovettura privata;In marcia / fermata / arresto;Conducente;M;Illeso;0;;Non accertato;
2842586;11;02/06/2016 14:50;Strada Urbana;VIA DI GROTTA PERFETTA;da specificare;;;;in prossimità VIA MARIO MUSCO;Tamponamento;Rettilineo;Una carreggiata a doppio senso;Asciutto;Asfaltata;Verticale ed orizzontale;Nuvoloso;Normale;Buona;Ore Diurne;0;0;0;3;12.50158;41.84057;-1;2;Autovettura privata;In marcia / fermata / arresto;Passeggero;F;Illeso;0;;Non accertato;
2842589;15;01/06/2016 18:05;Strada Urbana;PIAZZA DELLA RADIO;da specificare;;;;fronte civico 80;Scontro laterale fra veicoli in marcia;Rettilineo;Due carreggiate;Asciutto;Asfaltata;Orizzontale;Nuvoloso;Intenso;Buona;Ore Diurne;0;0;0;3;12.46761;41.86983;-1;1;Autovettura privata;In marcia / fermata / arresto;Conducente;M;Illeso;0;;Utilizzato;
2842589;15;01/06/2016 18:05;Strada Urbana;PIAZZA DELLA RADIO;da specificare;;;;fronte civico 80;Scontro laterale fra veicoli in marcia;Rettilineo;Due carreggiate;Asciutto;Asfaltata;Orizzontale;Nuvoloso;Intenso;Buona;Ore Diurne;0;0;0;3;12.46761;41.86983;-1;1;Autovettura privata;In marcia / fermata / arresto;Passeggero;M;Illeso;0;;Utilizzato;
2842589;15;01/06/2016 18:05;Strada Urbana;PIAZZA DELLA RADIO;da specificare;;;;fronte civico 80;Scontro laterale fra veicoli in marcia;Rettilineo;Due carreggiate;Asciutto;Asfaltata;Orizzontale;Nuvoloso;Intenso;Buona;Ore Diurne;0;0;0;3;12.46761;41.86983;-1;2;Autovettura privata;In marcia / fermata / arresto;Conducente;F;Illeso;0;;Utilizzato;
2842593;5;02/06/2016 18:35;Strada Urbana;LARGO GIOVANNI PITTALUGA;all'intersezione con;VIA DOMENICO CUCCHIARI;VIA DOMENICO CUCCHIARI;;;Scontro frontale/laterale DX fra veicoli in marcia;Incrocio;Due carreggiate;Asciutto;Asfaltata;Verticale ed orizzontale;Sereno;Normale;Sufficiente;Ore Diurne;5;0;0;0;12.53693;41.89979;-1;1;Autovettura privata;In marcia / fermata / arresto;Conducente;M;Rimandato;0;NON DECEDUTO;Non accertato;Inesploso
2842593;5;02/06/2016 18:35;Strada Urbana;LARGO GIOVANNI PITTALUGA;all'intersezione con;VIA DOMENICO CUCCHIARI;VIA DOMENICO CUCCHIARI;;;Scontro frontale/laterale DX fra veicoli in marcia;Incrocio;Due carreggiate;Asciutto;Asfaltata;Verticale ed orizzontale;Sereno;Normale;Sufficiente;Ore Diurne;5;0;0;0;12.53693;41.89979;-1;1;Autovettura privata;In marcia / fermata / arresto;Passeggero;M;Rimandato;0;NON DECEDUTO;Non accertato;Inesploso
2842593;5;02/06/2016 18:35;Strada Urbana;LARGO GIOVANNI PITTALUGA;all'intersezione con;VIA DOMENICO CUCCHIARI;VIA DOMENICO CUCCHIARI;;;Scontro frontale/laterale DX fra veicoli in marcia;Incrocio;Due carreggiate;Asciutto;Asfaltata;Verticale ed orizzontale;Sereno;Normale;Sufficiente;Ore Diurne;5;0;0;0;12.53693;41.89979;-1;2;Autovettura privata;In marcia / fermata / arresto;Conducente;M;Rimandato;0;NON DECEDUTO;Non accertato;Esploso
2842593;5;02/06/2016 18:35;Strada Urbana;LARGO GIOVANNI PITTALUGA;all'intersezione con;VIA DOMENICO CUCCHIARI;VIA DOMENICO CUCCHIARI;;;Scontro frontale/laterale DX fra veicoli in marcia;Incrocio;Due carreggiate;Asciutto;Asfaltata;Verticale ed orizzontale;Sereno;Normale;Sufficiente;Ore Diurne;5;0;0;0;12.53693;41.89979;-1;2;Autovettura privata;In marcia / fermata / arresto;Passeggero;F;Rimandato;0;NON DECEDUTO;Non accertato;Esploso
2842593;5;02/06/2016 18:35;Strada Urbana;LARGO GIOVANNI PITTALUGA;all'intersezione con;VIA DOMENICO CUCCHIARI;VIA DOMENICO CUCCHIARI;;;Scontro frontale/laterale DX fra veicoli in marcia;Incrocio;Due carreggiate;Asciutto;Asfaltata;Verticale ed orizzontale;Sereno;Normale;Sufficiente;Ore Diurne;5;0;0;0;12.53693;41.89979;-1;2;Autovettura privata;In marcia / fermata / arresto;Passeggero;M;Rimandato;0;NON DECEDUTO;Non accertato;Esploso
2842599;6;02/06/2016 18:50;Strada Urbana;VIA OLEVANO ROMANO;all'intersezione con;VIA PRENESTINA;VIA PRENESTINA;;;Scontro frontale/laterale DX fra veicoli in marcia;Incrocio;Due carreggiate;Asciutto;Asfaltata;Verticale ed orizzontale;Sereno;Normale;Buona;Ore Diurne;1;0;0;4;12.55508;41.89398;-1;1;Autovettura privata;In marcia / fermata / arresto;Conducente;M;Illeso;0;;;
2842599;6;02/06/2016 18:50;Strada Urbana;VIA OLEVANO ROMANO;all'intersezione con;VIA PRENESTINA;VIA PRENESTINA;;;Scontro frontale/laterale DX fra veicoli in marcia;Incrocio;Due carreggiate;Asciutto;Asfaltata;Verticale ed orizzontale;Sereno;Normale;Buona;Ore Diurne;1;0;0;4;12.55508;41.89398;-1;1;Autovettura privata;In marcia / fermata / arresto;Passeggero;F;Illeso;0;;;
2842599;6;02/06/2016 18:50;Strada Urbana;VIA OLEVANO ROMANO;all'intersezione con;VIA PRENESTINA;VIA PRENESTINA;;;Scontro frontale/laterale DX fra veicoli in marcia;Incrocio;Due carreggiate;Asciutto;Asfaltata;Verticale ed orizzontale;Sereno;Normale;Buona;Ore Diurne;1;0;0;4;12.55508;41.89398;-1;1;Autovettura privata;In marcia / fermata / arresto;Passeggero;F;Illeso;0;;;
2842599;6;02/06/2016 18:50;Strada Urbana;VIA OLEVANO ROMANO;all'intersezione con;VIA PRENESTINA;VIA PRENESTINA;;;Scontro frontale/laterale DX fra veicoli in marcia;Incrocio;Due carreggiate;Asciutto;Asfaltata;Verticale ed orizzontale;Sereno;Normale;Buona;Ore Diurne;1;0;0;4;12.55508;41.89398;-1;2;Motociclo con passeggero;In marcia / fermata / arresto;Conducente;M;Illeso;0;;;
2842599;6;02/06/2016 18:50;Strada Urbana;VIA OLEVANO ROMANO;all'intersezione con;VIA PRENESTINA;VIA PRENESTINA;;;Scontro frontale/laterale DX fra veicoli in marcia;Incrocio;Due carreggiate;Asciutto;Asfaltata;Verticale ed orizzontale;Sereno;Normale;Buona;Ore Diurne;1;0;0;4;12.55508;41.89398;-1;2;Motociclo con passeggero;In marcia / fermata / arresto;Passeggero;F;Rimandato;0;NON DECEDUTO;;
2842602;6;02/06/2016 12:20;Strada Urbana;VIA PRENESTINA;in corrispondenza;;del civico n.;244/b;;Investimento di pedone;Rettilineo;Più di due carreggiate;Bagnato (pioggia);Asfaltata;Verticale ed orizzontale;Nuvoloso;Normale;Buona;Ore Diurne;1;0;0;1;12.54209;41.89256;-1;;;;Pedone;F;Rimandato;0;NON DECEDUTO;;
2842602;6;02/06/2016 12:20;Strada Urbana;VIA PRENESTINA;in corrispondenza;;del civico n.;244/b;;Investimento di pedone;Rettilineo;Più di due carreggiate;Bagnato (pioggia);Asfaltata;Verticale ed orizzontale;Nuvoloso;Normale;Buona;Ore Diurne;1;0;0;1;12.54209;41.89256;-1;1;Autovettura privata;In marcia / fermata / arresto;Conducente;M;Illeso;0;;Non accertato;Inesploso
2842604;11;03/06/2016 02:25;Strada Urbana;PIAZZA GUGLIELMO MARCONI;all'intersezione con;VIALE DELLA CIVILTA' ROMANA;VIALE DELLA CIVILTA' ROMANA;;;Veicolo in marcia contro ostacolo fisso;Rotatoria;Più di due carreggiate;Asciutto;Asfaltata;Verticale ed orizzontale;Sereno;Scarso;Insufficiente;Insufficiente;2;0;0;0;12.47116;41.83347;-1;1;Autovettura di polizia;In marcia / fermata / arresto;Conducente;M;Rimandato;0;NON DECEDUTO;Non accertato;
2842604;11;03/06/2016 02:25;Strada Urbana;PIAZZA GUGLIELMO MARCONI;all'intersezione con;VIALE DELLA CIVILTA' ROMANA;VIALE DELLA CIVILTA' ROMANA;;;Veicolo in marcia contro ostacolo fisso;Rotatoria;Più di due carreggiate;Asciutto;Asfaltata;Verticale ed orizzontale;Sereno;Scarso;Insufficiente;Insufficiente;2;0;0;0;12.47116;41.83347;-1;1;Autovettura di polizia;In marcia / fermata / arresto;Passeggero;M;Rimandato;0;NON DECEDUTO;Non accertato;