Protocollo;Gruppo;DataOraIncidente;Localizzazione1;STRADA1;Localizzazione2;STRADA2;Strada02;Chilometrica;DaSpecificare;NaturaIncidente;particolaritastrade;TipoStrada;FondoStradale;Pavimentazione;Segnaletica;CondizioneAtmosferica;Traffico;Visibilita;Illuminazione;NUM_FERITI;NUM_RISERVATA;NUM_MORTI;NUM_ILLESI;Longitudine;Latitudine;Confermato;Progressivo;TipoVeicolo;StatoVeicolo;TipoPersona;Sesso;Tipolesione;Deceduto;DecedutoDopo;CinturaCascoUtilizzato;Airbag
2844826;2;04/06/2016 01:30;Strada Urbana;VIA DEL FORO ITALICO;da specificare;;;;fronte civico 633;Veicolo in marcia contro ostacolo fisso;Rettilineo;Due carreggiate;Asciutto;Asfaltata;Orizzontale;Sereno;Normale;Buona;Sufficiente;0;0;0;2;12.48959;41.93952;-1;1;Autovettura privata;In marcia / fermata / arresto;Conducente;M;Illeso;0;;Non accertato;
2844826;2;04/06/2016 01:30;Strada Urbana;VIA DEL FORO ITALICO;da specificare;;;;fronte civico 633;Veicolo in marcia contro ostacolo fisso;Rettilineo;Due carreggiate;Asciutto;Asfaltata;Orizzontale;Sereno;Normale;Buona;Sufficiente;0;0;0;2;12.48959;41.93952;-1;1;Autovettura privata;In marcia / fermata / arresto;Passeggero;F;Illeso;0;;Non accertato;
2844942;20;05/06/2016 06:00;Regionale entro l'abitato;VIA CASSIA;in corrispondenza;;del civico n.;1745;;Scontro frontale/laterale DX fra veicoli in marcia;Rettilineo;Una carreggiata a doppio senso;Asciutto;Asfaltata;Verticale ed orizzontale;Sereno;Scarso;Buona;Ore Diurne;3;0;0;0;12.3791;42.00874;-1;1;Autovettura privata;In marcia / fermata / arresto;Conducente;M;Rifiuta cure immediate;0;NON DECEDUTO;;
2844942;20;05/06/2016 06:00;Regionale entro l'abitato;VIA CASSIA;in corrispondenza;;del civico n.;1745;;Scontro frontale/laterale DX fra veicoli in marcia;Rettilineo;Una carreggiata a doppio senso;Asciutto;Asfaltata;Verticale ed orizzontale;Sereno;Scarso;Buona;Ore Diurne;3;0;0;0;12.3791;42.00874;-1;1;Autovettura privata;In marcia / fermata / arresto;Passeggero;M;Ricoverato;0;NON DECEDUTO;Non accertato;Inesploso
2844942;20;05/06/2016 06:00;Regionale entro l'abitato;VIA CASSIA;in corrispondenza;;del civico n.;1745;;Scontro frontale/laterale DX fra veicoli in marcia;Rettilineo;Una carreggiata a doppio senso;Asciutto;Asfaltata;Verticale ed orizzontale;Sereno;Scarso;Buona;Ore Diurne;3;0;0;0;12.3791;42.00874;-1;2;Autovettura privata;In marcia / fermata / arresto;Conducente;F;Ricoverato;0;NON DECEDUTO;;
2844944;13;04/06/2016 16:00;Strada Urbana;VIA DI CASAL PALOCCO;in corrispondenza;;del palo luce n.;71;;Veicolo in marcia contro ostacolo fisso;Rettilineo;Una carreggiata a senso unico di marcia;Asciutto;Asfaltata;Verticale ed orizzontale;Sereno;Scarso;Buona;Ore Diurne;1;0;0;1;12.35142;41.75136;-1;1;Quadriciclo leggero;In marcia / fermata / arresto;Conducente;M;Illeso;0;;Non accertato;Inesploso
2844944;13;04/06/2016 16:00;Strada Urbana;VIA DI CASAL PALOCCO;in corrispondenza;;del palo luce n.;71;;Veicolo in marcia contro ostacolo fisso;Rettilineo;Una carreggiata a senso unico di marcia;Asciutto;Asfaltata;Verticale ed orizzontale;Sereno;Scarso;Buona;Ore Diurne;1;0;0;1;12.35142;41.75136;-1;1;Quadriciclo leggero;In marcia / fermata / arresto;Passeggero;F;Rimandato;0;NON DECEDUTO;Non accertato;Inesploso
2844947;13;05/06/2016 01:00;Strada Urbana;LUNGOMARE DUILIO;all'intersezione con;VIA DEI PESCATORI;VIA DEI PESCATORI;;;Scontro frontale/laterale DX fra veicoli in marcia;Intersezione semaforizzata;Due carreggiate;Asciutto;Asfaltata;Verticale ed orizzontale;Sereno;Normale;Sufficiente;Sufficiente;2;0;0;1;12.30283;41.7194;-1;1;Autovettura privata;In marcia / fermata / arresto;Conducente;M;Illeso;0;;Non accertato;Esploso
2844947;13;05/06/2016 01:00;Strada Urbana;LUNGOMARE DUILIO;all'intersezione con;VIA DEI PESCATORI;VIA DEI PESCATORI;;;Scontro frontale/laterale DX fra veicoli in marcia;Intersezione semaforizzata;Due carreggiate;Asciutto;Asfaltata;Verticale ed orizzontale;Sereno;Normale;Sufficiente;Sufficiente;2;0;0;1;12.30283;41.7194;-1;1;Autovettura privata;In marcia / fermata / arresto;Passeggero;F;Rimandato;0;NON DECEDUTO;Non accertato;Esploso
2844947;13;05/06/2016 01:00;Strada Urbana;LUNGOMARE DUILIO;all'intersezione con;VIA DEI PESCATORI;VIA DEI PESCATORI;;;Scontro frontale/laterale DX fra veicoli in marcia;Intersezione semaforizzata;Due carreggiate;Asciutto;Asfaltata;Verticale ed orizzontale;Sereno;Normale;Sufficiente;Sufficiente;2;0;0;1;12.30283;41.7194;-1;2;Autovettura privata;In marcia / fermata / arresto;Conducente;M;Rimandato;0;NON DECEDUTO;Non accertato;Esploso
2844957;18;03/06/2016 09:30;Strada Urbana;VIA FEDERICO PATETTA;in corrispondenza;;del civico n.;10;;Investimento di pedone;Rettilineo;Una carreggiata a doppio senso;Asciutto;Asfaltata;Orizzontale;Nuvoloso;Scarso;Buona;Ore Diurne;1;0;0;1;12.42822;41.90417;-1;;;;Pedone;M;Rifiuta cure immediate;0;NON DECEDUTO;;
2844957;18;03/06/2016 09:30;Strada Urbana;VIA FEDERICO PATETTA;in corrispondenza;;del civico n.;10;;Investimento di pedone;Rettilineo;Una carreggiata a doppio senso;Asciutto;Asfaltata;Orizzontale;Nuvoloso;Scarso;Buona;Ore Diurne;1;0;0;1;12.42822;41.90417;-1;1;Autovettura privata;In marcia / fermata / arresto;Conducente;M;Illeso;0;;;
2844964;18;03/06/2016 11:45;Strada Urbana;VIA S. SECONDA;da specificare;;;;in prossimità di Via Fossano;Scontro laterale fra veicoli in marcia;Pendenza;Una carreggiata a doppio senso;Asciutto;Asfaltata;Verticale ed orizzontale;Sereno;Normale;Buona;Ore Diurne;0;0;0;3;12.36781;41.91723;-1;1;Autovettura privata;In marcia / fermata / arresto;Conducente;M;Illeso;0;;;
2844964;18;03/06/2016 11:45;Strada Urbana;VIA S. SECONDA;da specificare;;;;in prossimità di Via Fossano;Scontro laterale fra veicoli in marcia;Pendenza;Una carreggiata a doppio senso;Asciutto;Asfaltata;Verticale ed orizzontale;Sereno;Normale;Buona;Ore Diurne;0;0;0;3;12.36781;41.91723;-1;1;Autovettura privata;In marcia / fermata / arresto;Passeggero;F;Illeso;0;;;
2844964;18;03/06/2016 11:45;Strada Urbana;VIA S. SECONDA;da specificare;;;;in prossimità di Via Fossano;Scontro laterale fra veicoli in marcia;Pendenza;Una carreggiata a doppio senso;Asciutto;Asfaltata;Verticale ed orizzontale;Sereno;Normale;Buona;Ore Diurne;0;0;0;3;12.36781;41.91723;-1;2;Autovettura privata;In marcia / fermata / arresto;Conducente;F;Illeso;0;;;
2844965;20;04/06/2016 09:45;Strada Urbana;VIA FRASSINETO;all'intersezione con;VIA DORNO;VIA DORNO;;;Scontro frontale/laterale DX fra veicoli in marcia;Intersezione stradale segnalata;Una carreggiata a senso unico di marcia;Asciutto;Asfaltata;Verticale ed orizzontale;Sereno;Scarso;Buona;Ore Diurne;1;0;0;1;12.48678;41.99992;-1;1;Autovettura privata;In marcia / fermata / arresto;Conducente;M;Illeso;0;;Non accertato;Inesploso
2844965;20;04/06/2016 09:45;Strada Urbana;VIA FRASSINETO;all'intersezione con;VIA DORNO;VIA DORNO;;;Scontro frontale/laterale DX fra veicoli in marcia;Intersezione stradale segnalata;Una carreggiata a senso unico di marcia;Asciutto;Asfaltata;Verticale ed orizzontale;Sereno;Scarso;Buona;Ore Diurne;1;0;0;1;12.48678;41.99992;-1;2;Velocipede;In marcia / fermata / arresto;Conducente;M;Rimandato;0;NON DECEDUTO;Esente;
2844967;6;04/06/2016 23:00;Strada Urbana;VIA DI CENTOCELLE;in prossimità;;del civico n.;532;;Tamponamento;Rettilineo;Una carreggiata a doppio senso;Asciutto;Asfaltata;Orizzontale;Sereno;Scarso;Sufficiente;Sufficiente;0;0;0;2;12.55415;41.86541;-1;1;Autovettura privata;In marcia / fermata / arresto;Conducente;M;Illeso;0;;;
2844967;6;04/06/2016 23:00;Strada Urbana;VIA DI CENTOCELLE;in prossimità;;del civico n.;532;;Tamponamento;Rettilineo;Una carreggiata a doppio senso;Asciutto;Asfaltata;Orizzontale;Sereno;Scarso;Sufficiente;Sufficiente;0;0;0;2;12.55415;41.86541;-1;2;Autovettura privata;In marcia / fermata / arresto;Conducente;M;Illeso;0;;;
2844972;18;03/06/2016 17:50;Strada Urbana;VIA DEL QUARTACCIO;in prossimità;;del civico n.;54;;Ribaltamento senza urto contro ostacolo fisso;Curva a visuale libera;Una carreggiata a doppio senso;Sdrucciolevole (pietrisco);Asfaltata;Verticale ed orizzontale;Sereno;Normale;Buona;Ore Diurne;1;0;0;0;12.39087;41.91805;-1;1;Motociclo a solo;In marcia / fermata / arresto;Conducente;M;Ricoverato;0;NON DECEDUTO;;
2844974;13;05/06/2016 02:40;Strada Urbana;VIA DI CASAL PALOCCO;da specificare;;;;ALTEZZA VIA PRASSILLA;Veicolo in marcia contro ostacolo fisso;Rotatoria;Una carreggiata a senso unico di marcia;Asciutto;Asfaltata;Verticale ed orizzontale;Sereno;Normale;Sufficiente;Sufficiente;0;0;0;2;12.35301;41.74966;-1;1;Autovettura privata;In marcia / fermata / arresto;Conducente;M;Illeso;0;;Non accertato;Esploso
2844974;13;05/06/2016 02:40;Strada Urbana;VIA DI CASAL PALOCCO;da specificare;;;;ALTEZZA VIA PRASSILLA;Veicolo in marcia contro ostacolo fisso;Rotatoria;Una carreggiata a senso unico di marcia;Asciutto;Asfaltata;Verticale ed orizzontale;Sereno;Normale;Sufficiente;Sufficiente;0;0;0;2;12.35301;41.74966;-1;1;Autovettura privata;In marcia / fermata / arresto;Passeggero;M;Illeso;0;;Non accertato;Inesploso
2844976;6;05/06/2016 01:05;Strada Urbana;VIALE TITO LABIENO;all'intersezione con;VIA QUINTILIO VARO;VIA QUINTILIO VARO;;;Scontro frontale/laterale DX fra veicoli in marcia;Incrocio;Due carreggiate;Asciutto;Asfaltata;Verticale ed orizzontale;Sereno;Scarso;Sufficiente;Sufficiente;1;0;0;2;12.56661;41.85268;-1;1;Autovettura privata;In marcia / fermata / arresto;Conducente;M;Illeso;0;;;
2844976;6;05/06/2016 01:05;Strada Urbana;VIALE TITO LABIENO;all'intersezione con;VIA QUINTILIO VARO;VIA QUINTILIO VARO;;;Scontro frontale/laterale DX fra veicoli in marcia;Incrocio;Due carreggiate;Asciutto;Asfaltata;Verticale ed orizzontale;Sereno;Scarso;Sufficiente;Sufficiente;1;0;0;2;12.56661;41.85268;-1;2;Autovettura privata;In marcia / fermata / arresto;Conducente;M;Illeso;0;;;
2844976;6;05/06/2016 01:05;Strada Urbana;VIALE TITO LABIENO;all'intersezione con;VIA QUINTILIO VARO;VIA QUINTILIO VARO;;;Scontro frontale/laterale DX fra veicoli in marcia;Incrocio;Due carreggiate;Asciutto;Asfaltata;Verticale ed orizzontale;Sereno;Scarso;Sufficiente;Sufficiente;1;0;0;2;12.56661;41.85268;-1;2;Autovettura privata;In marcia / fermata / arresto;Passeggero;F;Rimandato;0;NON DECEDUTO;;
2844977;18;03/06/2016 23:20;Strada Urbana;VIA AURELIA;in corrispondenza;;del civico n.;784;;Veicolo in marcia contro ostacolo accidentale;Rettilineo;Più di due carreggiate;Asciutto;Asfaltata;Verticale ed orizzontale;Sereno;Normale;Buona;Sufficiente;0;0;0;2;12.41071;41.88974;-1;1;Motociclo con passeggero;In marcia / fermata / arresto;Conducente;M;Illeso;0;;;
2844977;18;03/06/2016 23:20;Strada Urbana;VIA AURELIA;in corrispondenza;;del civico n.;784;;Veicolo in marcia contro ostacolo accidentale;Rettilineo;Più di due carreggiate;Asciutto;Asfaltata;Verticale ed orizzontale;Sereno;Normale;Buona;Sufficiente;0;0;0;2;12.41071;41.88974;-1;1;Motociclo con passeggero;In marcia / fermata / arresto;Passeggero;F;Illeso;0;;;
2844985;18;04/06/2016 02:30;Strada Urbana;VIA DI BOCCEA;all'intersezione con;VIA NAZARETH;VIA NAZARETH;;;Scontro frontale fra veicoli in marcia;Intersezione semaforizzata;Due carreggiate;Asciutto;Asfaltata;Verticale ed orizzontale;Sereno;Normale;Buona;Sufficiente;1;0;0;4;12.40733;41.90739;-1;1;Autovettura privata;In marcia / fermata / arresto;Conducente;F;Rimandato;0;NON DECEDUTO;Non accertato;Inesploso
2844985;18;04/06/2016 02:30;Strada Urbana;VIA DI BOCCEA;all'intersezione con;VIA NAZARETH;VIA NAZARETH;;;Scontro frontale fra veicoli in marcia;Intersezione semaforizzata;Due carreggiate;Asciutto;Asfaltata;Verticale ed orizzontale;Sereno;Normale;Buona;Sufficiente;1;0;0;4;12.40733;41.90739;-1;2;Autovettura privata;In marcia / fermata / arresto;Conducente;F;Illeso;0;;Non accertato;Inesploso
2844985;18;04/06/2016 02:30;Strada Urbana;VIA DI BOCCEA;all'intersezione con;VIA NAZARETH;VIA NAZARETH;;;Scontro frontale fra veicoli in marcia;Intersezione semaforizzata;Due carreggiate;Asciutto;Asfaltata;Verticale ed orizzontale;Sereno;Normale;Buona;Sufficiente;1;0;0;4;12.40733;41.90739;-1;2;Autovettura privata;In marcia / fermata / arresto;Passeggero;M;Illeso;0;;;
2844985;18;04/06/2016 02:30;Strada Urbana;VIA DI BOCCEA;all'intersezione con;VIA NAZARETH;VIA NAZARETH;;;Scontro frontale fra veicoli in marcia;Intersezione semaforizzata;Due carreggiate;Asciutto;Asfaltata;Verticale ed orizzontale;Sereno;Normale;Buona;Sufficiente;1;0;0;4;12.40733;41.90739;-1;2;Autovettura privata;In marcia / fermata / arresto;Passeggero;M;Illeso;0;;Non accertato;Inesploso
2844985;18;04/06/2016 02:30;Strada Urbana;VIA DI BOCCEA;all'intersezione con;VIA NAZARETH;VIA NAZARETH;;;Scontro frontale fra veicoli in marcia;Intersezione semaforizzata;Due carreggiate;Asciutto;Asfaltata;Verticale ed orizzontale;Sereno;Normale;Buona;Sufficiente;1;0;0;4;12.40733;41.90739;-1;2;Autovettura privata;In marcia / fermata / arresto;Passeggero;F;Illeso;0;;;
2844986;20;04/06/2016 14:30;Strada Urbana;VIA DI BACCANELLO;all'intersezione con;VIA DEL FOSSO PIORDO;VIA DEL FOSSO PIORDO;;;Tamponamento;Intersezione stradale segnalata;Una carreggiata a doppio senso;Asciutto;Asfaltata;Verticale ed orizzontale;Sereno;Normale;Buona;Ore Diurne;3;0;0;0;12.35326;42.06276;-1;1;Autovettura privata;In marcia / fermata / arresto;Conducente;F;Rifiuta cure immediate;0;NON DECEDUTO;Non accertato;Inesploso
2844986;20;04/06/2016 14:30;Strada Urbana;VIA DI BACCANELLO;all'intersezione con;VIA DEL FOSSO PIORDO;VIA DEL FOSSO PIORDO;;;Tamponamento;Intersezione stradale segnalata;Una carreggiata a doppio senso;Asciutto;Asfaltata;Verticale ed orizzontale;Sereno;Normale;Buona;Ore Diurne;3;0;0;0;12.35326;42.06276;-1;1;Autovettura privata;In marcia / fermata / arresto;Passeggero;F;Rifiuta cure immediate;0;NON DECEDUTO;Non accertato;Inesploso
2844986;20;04/06/2016 14:30;Strada Urbana;VIA DI BACCANELLO;all'intersezione con;VIA DEL FOSSO PIORDO;VIA DEL FOSSO PIORDO;;;Tamponamento;Intersezione stradale segnalata;Una carreggiata a doppio senso;Asciutto;Asfaltata;Verticale ed orizzontale;Sereno;Normale;Buona;Ore Diurne;3;0;0;0;12.35326;42.06276;-1;2;Motociclo a solo;In marcia / fermata / arresto;Conducente;M;Ricoverato;0;NON DECEDUTO;Non accertato;
2845000;20;04/06/2016 16:30;Statale;VIA FLAMINIA;in prossimità;;della chilometrica;16;;Tamponamento Multiplo;Rettilineo;Una carreggiata a doppio senso;Asciutto;Asfaltata;Verticale ed orizzontale;Sereno;Normale;Buona;Ore Diurne;2;0;0;4;12.49569;42.00165;-1;1;Autovettura privata;In marcia / fermata / arresto;Conducente;M;Rimandato;0;NON DECEDUTO;Non accertato;Inesploso
2845000;20;04/06/2016 16:30;Statale;VIA FLAMINIA;in prossimità;;della chilometrica;16;;Tamponamento Multiplo;Rettilineo;Una carreggiata a doppio senso;Asciutto;Asfaltata;Verticale ed orizzontale;Sereno;Normale;Buona;Ore Diurne;2;0;0;4;12.49569;42.00165;-1;1;Autovettura privata;In marcia / fermata / arresto;Passeggero;M;Rimandato;0;NON DECEDUTO;Non accertato;Inesploso
2845000;20;04/06/2016 16:30;Statale;VIA FLAMINIA;in prossimità;;della chilometrica;16;;Tamponamento Multiplo;Rettilineo;Una carreggiata a doppio senso;Asciutto;Asfaltata;Verticale ed orizzontale;Sereno;Normale;Buona;Ore Diurne;2;0;0;4;12.49569;42.00165;-1;2;Autovettura privata;In marcia / fermata / arresto;Conducente;M;Illeso;0;;Non accertato;Inesploso
2845000;20;04/06/2016 16:30;Statale;VIA FLAMINIA;in prossimità;;della chilometrica;16;;Tamponamento Multiplo;Rettilineo;Una carreggiata a doppio senso;Asciutto;Asfaltata;Verticale ed orizzontale;Sereno;Normale;Buona;Ore Diurne;2;0;0;4;12.49569;42.00165;-1;3;Autovettura privata;In marcia / fermata / arresto;Conducente;M;Illeso;0;;Non accertato;Inesploso
2845000;20;04/06/2016 16:30;Statale;VIA FLAMINIA;in prossimità;;della chilometrica;16;;Tamponamento Multiplo;Rettilineo;Una carreggiata a doppio senso;Asciutto;Asfaltata;Verticale ed orizzontale;Sereno;Normale;Buona;Ore Diurne;2;0;0;4;12.49569;42.00165;-1;3;Autovettura privata;In marcia / fermata / arresto;Passeggero;F;Illeso;0;;Non accertato;Inesploso
2845000;20;04/06/2016 16:30;Statale;VIA FLAMINIA;in prossimità;;della chilometrica;16;;Tamponamento Multiplo;Rettilineo;Una carreggiata a doppio senso;Asciutto;Asfaltata;Verticale ed orizzontale;Sereno;Normale;Buona;Ore Diurne;2;0;0;4;12.49569;42.00165;-1;3;Autovettura privata;In marcia / fermata / arresto;Passeggero;F;Illeso;0;;Non accertato;Inesploso
2845084;20;04/06/2016 18:30;Strada Urbana;VIA DEL FORO ITALICO;da specificare;;;;uscita galleria Fleming direzione stadio Olimpico;Veicolo in marcia contro ostacolo accidentale;Rettilineo;Una carreggiata a doppio senso;Asciutto;Asfaltata;Orizzontale;Sereno;Intenso;Buona;Ore Diurne;0;0;0;1;12.47328;41.9408;-1;1;Autovettura privata;In marcia / fermata / arresto;Conducente;F;Illeso;0;;Non accertato;Inesploso
2845224;7;03/06/2016 20:20;Strada Urbana;VIA DEI CASTANI;in corrispondenza;;del civico n.;124 a;;Tamponamento;Rettilineo;Una carreggiata a doppio senso;Asciutto;Asfaltata;Verticale ed orizzontale;Sereno;Normale;Sufficiente;Ore Diurne;0;0;0;3;12.56695;41.88383;-1;1;Autobus urbano;In marcia / fermata / arresto;Conducente;M;Illeso;0;;Non accertato;Inesploso
2845224;7;03/06/2016 20:20;Strada Urbana;VIA DEI CASTANI;in corrispondenza;;del civico n.;124 a;;Tamponamento;Rettilineo;Una carreggiata a doppio senso;Asciutto;Asfaltata;Verticale ed orizzontale;Sereno;Normale;Sufficiente;Ore Diurne;0;0;0;3;12.56695;41.88383;-1;2;Autovettura privata;In marcia / fermata / arresto;Conducente;M;Illeso;0;;Non accertato;Inesploso
2845224;7;03/06/2016 20:20;Strada Urbana;VIA DEI CASTANI;in corrispondenza;;del civico n.;124 a;;Tamponamento;Rettilineo;Una carreggiata a doppio senso;Asciutto;Asfaltata;Verticale ed orizzontale;Sereno;Normale;Sufficiente;Ore Diurne;0;0;0;3;12.56695;41.88383;-1;2;Autovettura privata;In marcia / fermata / arresto;Passeggero;F;Illeso;0;;Non accertato;Inesploso
2845265;7;03/06/2016 19:20;Strada Urbana;VIA DI TOR SAPIENZA;in corrispondenza;;del civico n.;89 e;;Investimento di pedone;Rettilineo;Una carreggiata a doppio senso;Asciutto;Asfaltata;Verticale ed orizzontale;Sereno;Normale;Buona;Ore Diurne;1;0;0;1;12.59106;41.89955;-1;;;;Pedone;F;Ricoverato;0;NON DECEDUTO;;
2845265;7;03/06/2016 19:20;Strada Urbana;VIA DI TOR SAPIENZA;in corrispondenza;;del civico n.;89 e;;Investimento di pedone;Rettilineo;Una carreggiata a doppio senso;Asciutto;Asfaltata;Verticale ed orizzontale;Sereno;Normale;Buona;Ore Diurne;1;0;0;1;12.59106;41.89955;-1;1;Motociclo con passeggero;In marcia / fermata / arresto;Conducente;M;Illeso;0;;Non accertato;
2845290;4;03/06/2016 12:30;Strada Urbana;VIADOTTO GIUSEPPE SARAGAT;da specificare;;;;PROSSIMITA' VIA ORTIGNANO;Infortunio per sola frenata improvvisa;Rettilineo;Una carreggiata a senso unico di marcia;Asciutto;Asfaltata;Orizzontale;Sereno;Normale;Buona;Ore Diurne;1;0;0;0;12.5152;41.97821;-1;1;Motociclo a solo;In marcia / fermata / arresto;Conducente;M;Rimandato;0;NON DECEDUTO;Non accertato;
2845296;4;03/06/2016 22:20;Statale entro l'abitato;VIA SALARIA;in prossimità;;della chilometrica;20.1;;Scontro frontale/laterale SX fra veicoli in marcia;Rettilineo;Una carreggiata a doppio senso;Asciutto;Asfaltata;Orizzontale;Sereno;Normale;Sufficiente;Insufficiente;1;0;0;1;12.50445;41.9554;-1;1;Autocarro inferiore 35 q.;In marcia / fermata / arresto;Conducente;M;Illeso;0;;Non accertato;Inesistente
2845296;4;03/06/2016 22:20;Statale entro l'abitato;VIA SALARIA;in prossimità;;della chilometrica;20.1;;Scontro frontale/laterale SX fra veicoli in marcia;Rettilineo;Una carreggiata a doppio senso;Asciutto;Asfaltata;Orizzontale;Sereno;Normale;Sufficiente;Insufficiente;1;0;0;1;12.50445;41.9554;-1;2;Motociclo a solo;In marcia / fermata / arresto;Conducente;M;Rimandato;0;NON DECEDUTO;Non accertato;
2845307;4;03/06/2016 17:25;Strada Urbana;VIA UGO OJETTI;in prossimità;;del civico n.;356;;Veicolo in marcia contro veicolo in sosta;Rettilineo;Due carreggiate;Asciutto;Asfaltata;Verticale ed orizzontale;Nuvoloso;Normale;Buona;Ore Diurne;0;0;0;4;12.55362;41.94548;-1;1;Autovettura privata;In marcia / fermata / arresto;Conducente;M;Illeso;0;;Non accertato;Inesploso
2845307;4;03/06/2016 17:25;Strada Urbana;VIA UGO OJETTI;in prossimità;;del civico n.;356;;Veicolo in marcia contro veicolo in sosta;Rettilineo;Due carreggiate;Asciutto;Asfaltata;Verticale ed orizzontale;Nuvoloso;Normale;Buona;Ore Diurne;0;0;0;4;12.55362;41.94548;-1;1;Autovettura privata;In marcia / fermata / arresto;Passeggero;F;Illeso;0;;Non accertato;
2845307;4;03/06/2016 17:25;Strada Urbana;VIA UGO OJETTI;in prossimità;;del civico n.;356;;Veicolo in marcia contro veicolo in sosta;Rettilineo;Due carreggiate;Asciutto;Asfaltata;Verticale ed orizzontale;Nuvoloso;Normale;Buona;Ore Diurne;0;0;0;4;12.55362;41.94548;-1;1;Autovettura privata;In marcia / fermata / arresto;Passeggero;F;Illeso;0;;Non accertato;Inesploso
2845307;4;03/06/2016 17:25;Strada Urbana;VIA UGO OJETTI;in prossimità;;del civico n.;356;;Veicolo in marcia contro veicolo in sosta;Rettilineo;Due carreggiate;Asciutto;Asfaltata;Verticale ed orizzontale;Nuvoloso;Normale;Buona;Ore Diurne;0;0;0;4;12.55362;41.94548;-1;2;Motociclo a solo;In marcia / fermata / arresto;Conducente;M;Illeso;0;;Non accertato;
2845314;4;03/06/2016 14:30;Strada Urbana;VIA SALARIA;in prossimità;;del civico n.;825;;Scontro laterale fra veicoli in marcia;Rettilineo;Due carreggiate;Asciutto;Asfaltata;Verticale ed orizzontale;Nuvoloso;Normale;Buona;Ore Diurne;0;0;0;2;12.50577;41.95443;-1;1;Autovettura privata;In marcia / fermata / arresto;Conducente;F;Illeso;0;;Non accertato;Inesploso
2845314;4;03/06/2016 14:30;Strada Urbana;VIA SALARIA;in prossimità;;del civico n.;825;;Scontro laterale fra veicoli in marcia;Rettilineo;Due carreggiate;Asciutto;Asfaltata;Verticale ed orizzontale;Nuvoloso;Normale;Buona;Ore Diurne;0;0;0;2;12.50577;41.95443;-1;2;Autovettura privata;In marcia / fermata / arresto;Conducente;M;Illeso;0;;Non accertato;Inesploso
2845318;4;03/06/2016 06:45;Strada Urbana;VIA FRANCO SIMONGINI;all'intersezione con;VIA PAOLO MONELLI;VIA PAOLO MONELLI;;;Scontro frontale/laterale DX fra veicoli in marcia;Intersezione stradale segnalata;Due carreggiate;Asciutto;Asfaltata;Verticale ed orizzontale;Nuvoloso;Scarso;Buona;Ore Diurne;1;0;0;1;12.54823;41.96012;-1;1;Autovettura privata;In marcia / fermata / arresto;Conducente;M;Rimandato;0;NON DECEDUTO;Non accertato;Inesploso
2845318;4;03/06/2016 06:45;Strada Urbana;VIA FRANCO SIMONGINI;all'intersezione con;VIA PAOLO MONELLI;VIA PAOLO MONELLI;;;Scontro frontale/laterale DX fra veicoli in marcia;Intersezione stradale segnalata;Due carreggiate;Asciutto;Asfaltata;Verticale ed orizzontale;Nuvoloso;Scarso;Buona;Ore Diurne;1;0;0;1;12.54823;41.96012;-1;2;Autovettura privata;In marcia / fermata / arresto;Conducente;M;Illeso;0;;Non accertato;Inesploso
2845326;4;04/06/2016 10:40;Strada Urbana;VIA GIOVANNI CONTI;da specificare;;;;ALTEZZA MERCATO RIONALE;Tamponamento;Rettilineo;Due carreggiate;Asciutto;Asfaltata;Verticale ed orizzontale;Sereno;Intenso;Buona;Ore Diurne;0;0;0;2;12.53126;41.95447;-1;1;Motociclo a solo;In marcia / fermata / arresto;Conducente;M;Illeso;0;;Non accertato;
2845326;4;04/06/2016 10:40;Strada Urbana;VIA GIOVANNI CONTI;da specificare;;;;ALTEZZA MERCATO RIONALE;Tamponamento;Rettilineo;Due carreggiate;Asciutto;Asfaltata;Verticale ed orizzontale;Sereno;Intenso;Buona;Ore Diurne;0;0;0;2;12.53126;41.95447;-1;2;Autovettura privata;In marcia / fermata / arresto;Conducente;M;Illeso;0;;Non accertato;Inesploso
2845334;4;04/06/2016 07:40;Statale;VIA SALARIA;in prossimità;;della chilometrica;20.9;;Scontro frontale fra veicoli in marcia;Rettilineo;Una carreggiata a doppio senso;Asciutto;Asfaltata;Verticale ed orizzontale;Sereno;Normale;Buona;Ore Diurne;3;0;0;0;12.50445;41.9554;-1;1;Autovettura privata;In marcia / fermata / arresto;Conducente;M;Rimandato;0;NON DECEDUTO;Non accertato;Inesploso
2845334;4;04/06/2016 07:40;Statale;VIA SALARIA;in prossimità;;della chilometrica;20.9;;Scontro frontale fra veicoli in marcia;Rettilineo;Una carreggiata a doppio senso;Asciutto;Asfaltata;Verticale ed orizzontale;Sereno;Normale;Buona;Ore Diurne;3;0;0;0;12.50445;41.9554;-1;2;Autocarro inferiore 35 q.;In marcia / fermata / arresto;Conducente;M;Rifiuta cure immediate;0;NON DECEDUTO;Non accertato;Esploso
2845334;4;04/06/2016 07:40;Statale;VIA SALARIA;in prossimità;;della chilometrica;20.9;;Scontro frontale fra veicoli in marcia;Rettilineo;Una carreggiata a doppio senso;Asciutto;Asfaltata;Verticale ed orizzontale;Sereno;Normale;Buona;Ore Diurne;3;0;0;0;12.50445;41.9554;-1;2;Autocarro inferiore 35 q.;In marcia / fermata / arresto;Passeggero;F;Rifiuta cure immediate;0;NON DECEDUTO;Non accertato;Inesploso