Protocollo;Gruppo;DataOraIncidente;Localizzazione1;STRADA1;Localizzazione2;STRADA2;Strada02;Chilometrica;DaSpecificare;NaturaIncidente;particolaritastrade;TipoStrada;FondoStradale;Pavimentazione;Segnaletica;CondizioneAtmosferica;Traffico;Visibilita;Illuminazione;NUM_FERITI;NUM_RISERVATA;NUM_MORTI;NUM_ILLESI;Longitudine;Latitudine;Confermato;Progressivo;TipoVeicolo;StatoVeicolo;TipoPersona;Sesso;Tipolesione;Deceduto;DecedutoDopo;CinturaCascoUtilizzato;Airbag
2847240;13;06/06/2016 16:30;Strada Urbana;VIA CRISTOFORO COLOMBO;all'intersezione con;VIA DEL CANALE DELLA LINGUA;VIA DEL CANALE DELLA LINGUA;;;Scontro laterale fra veicoli in marcia;Incrocio;Due carreggiate;Asciutto;Asfaltata;Verticale ed orizzontale;Sereno;Normale;Buona;Ore Diurne;0;0;0;3;12.34556;41.73635;-1;2;Autobus di linea;In marcia / fermata / arresto;Conducente;M;Illeso;0;;Non accertato;Inesploso
2847243;1;07/06/2016 01:15;Strada Urbana;PIAZZA GIUNONE REGINA;all'intersezione con;VIA RAIMONDO DA CAPUA;VIA RAIMONDO DA CAPUA;;;Veicolo in marcia contro veicolo fermo;Incrocio;Una carreggiata a doppio senso;Asciutto;Asfaltata;Verticale ed orizzontale;Sereno;Scarso;Buona;Sufficiente;0;0;0;3;12.48086;41.88354;-1;1;Quadriciclo leggero;In marcia / fermata / arresto;Conducente;M;Illeso;0;;;
2847243;1;07/06/2016 01:15;Strada Urbana;PIAZZA GIUNONE REGINA;all'intersezione con;VIA RAIMONDO DA CAPUA;VIA RAIMONDO DA CAPUA;;;Veicolo in marcia contro veicolo fermo;Incrocio;Una carreggiata a doppio senso;Asciutto;Asfaltata;Verticale ed orizzontale;Sereno;Scarso;Buona;Sufficiente;0;0;0;3;12.48086;41.88354;-1;1;Quadriciclo leggero;In marcia / fermata / arresto;Passeggero;M;Illeso;0;;;
2847243;1;07/06/2016 01:15;Strada Urbana;PIAZZA GIUNONE REGINA;all'intersezione con;VIA RAIMONDO DA CAPUA;VIA RAIMONDO DA CAPUA;;;Veicolo in marcia contro veicolo fermo;Incrocio;Una carreggiata a doppio senso;Asciutto;Asfaltata;Verticale ed orizzontale;Sereno;Scarso;Buona;Sufficiente;0;0;0;3;12.48086;41.88354;-1;2;Autovettura privata;In marcia / fermata / arresto;Conducente;M;Illeso;0;;;
2847244;11;06/06/2016 19:30;Strada Urbana;VIALE GIUSTINIANO IMPERATORE;all'intersezione con;VIA GALBA;VIA GALBA;;;Scontro frontale/laterale DX fra veicoli in marcia;Intersezione stradale segnalata;Due carreggiate;Asciutto;Asfaltata;Verticale ed orizzontale;Sereno;Normale;Buona;Ore Diurne;0;0;0;3;12.48331;41.85539;-1;1;Autovettura privata;In marcia / fermata / arresto;Conducente;M;Illeso;0;;Non accertato;Inesploso
2847244;11;06/06/2016 19:30;Strada Urbana;VIALE GIUSTINIANO IMPERATORE;all'intersezione con;VIA GALBA;VIA GALBA;;;Scontro frontale/laterale DX fra veicoli in marcia;Intersezione stradale segnalata;Due carreggiate;Asciutto;Asfaltata;Verticale ed orizzontale;Sereno;Normale;Buona;Ore Diurne;0;0;0;3;12.48331;41.85539;-1;2;Autovettura privata;In marcia / fermata / arresto;Conducente;M;Illeso;0;;Non accertato;Inesploso
2847244;11;06/06/2016 19:30;Strada Urbana;VIALE GIUSTINIANO IMPERATORE;all'intersezione con;VIA GALBA;VIA GALBA;;;Scontro frontale/laterale DX fra veicoli in marcia;Intersezione stradale segnalata;Due carreggiate;Asciutto;Asfaltata;Verticale ed orizzontale;Sereno;Normale;Buona;Ore Diurne;0;0;0;3;12.48331;41.85539;-1;2;Autovettura privata;In marcia / fermata / arresto;Passeggero;F;Illeso;0;;Non accertato;Inesploso
2847262;13;06/06/2016 06:30;Strada Urbana;VIA DELLA SALVIA;in corrispondenza;;del civico n.;154;;Tamponamento;Rettilineo;Una carreggiata a senso unico di marcia;Asciutto;Asfaltata;Verticale ed orizzontale;Sereno;Scarso;Buona;Ore Diurne;1;0;0;2;12.36883;41.7878;-1;1;Autovettura privata;In marcia / fermata / arresto;Conducente;M;Rimandato;0;NON DECEDUTO;;
2847262;13;06/06/2016 06:30;Strada Urbana;VIA DELLA SALVIA;in corrispondenza;;del civico n.;154;;Tamponamento;Rettilineo;Una carreggiata a senso unico di marcia;Asciutto;Asfaltata;Verticale ed orizzontale;Sereno;Scarso;Buona;Ore Diurne;1;0;0;2;12.36883;41.7878;-1;1;Autovettura privata;In marcia / fermata / arresto;Passeggero;M;Illeso;0;;;
2847262;13;06/06/2016 06:30;Strada Urbana;VIA DELLA SALVIA;in corrispondenza;;del civico n.;154;;Tamponamento;Rettilineo;Una carreggiata a senso unico di marcia;Asciutto;Asfaltata;Verticale ed orizzontale;Sereno;Scarso;Buona;Ore Diurne;1;0;0;2;12.36883;41.7878;-1;2;Autovettura privata;In marcia / fermata / arresto;Conducente;M;Illeso;0;;;
2847266;19;05/06/2016 13:10;Strada Urbana;VIA UGO DE CAROLIS;all'intersezione con;VIA GIUSEPPE ROSSO;VIA GIUSEPPE ROSSO;;;Scontro frontale/laterale SX fra veicoli in marcia;Incrocio;Una carreggiata a doppio senso;Asciutto;Asfaltata;Orizzontale;Sereno;Scarso;Buona;Ore Diurne;1;0;0;1;12.43817;41.91968;-1;1;Motociclo a solo;In marcia / fermata / arresto;Conducente;M;Rimandato;0;NON DECEDUTO;Non accertato;
2847266;19;05/06/2016 13:10;Strada Urbana;VIA UGO DE CAROLIS;all'intersezione con;VIA GIUSEPPE ROSSO;VIA GIUSEPPE ROSSO;;;Scontro frontale/laterale SX fra veicoli in marcia;Incrocio;Una carreggiata a doppio senso;Asciutto;Asfaltata;Orizzontale;Sereno;Scarso;Buona;Ore Diurne;1;0;0;1;12.43817;41.91968;-1;2;Autovettura privata;In marcia / fermata / arresto;Conducente;M;Illeso;0;;Non accertato;Inesploso
2847291;7;06/06/2016 15:00;Strada Urbana;VIA DI TOR CERVARA;in corrispondenza;;del civico n.;283;;Veicolo in marcia contro veicolo fermo;Rettilineo;Una carreggiata a doppio senso;Asciutto;Asfaltata;Verticale ed orizzontale;Sereno;Normale;Buona;Ore Diurne;0;0;0;1;12.58844;41.90895;-1;1;Autovettura privata;In marcia / fermata / arresto;Conducente;F;Illeso;0;;Non accertato;Inesploso
2847310;7;06/06/2016 20:50;Strada Urbana;VIALE DELLA BELLA VILLA;in corrispondenza;;del civico n.;106;;Scontro laterale fra veicoli in marcia;Rettilineo;Una carreggiata a doppio senso;Asciutto;Asfaltata;Verticale ed orizzontale;Sereno;Normale;Buona;Sufficiente;0;0;0;3;12.58286;41.87251;-1;1;Autovettura privata;In marcia / fermata / arresto;Conducente;M;Illeso;0;;;
2847310;7;06/06/2016 20:50;Strada Urbana;VIALE DELLA BELLA VILLA;in corrispondenza;;del civico n.;106;;Scontro laterale fra veicoli in marcia;Rettilineo;Una carreggiata a doppio senso;Asciutto;Asfaltata;Verticale ed orizzontale;Sereno;Normale;Buona;Sufficiente;0;0;0;3;12.58286;41.87251;-1;1;Autovettura privata;In marcia / fermata / arresto;Passeggero;F;Illeso;0;;;
2847310;7;06/06/2016 20:50;Strada Urbana;VIALE DELLA BELLA VILLA;in corrispondenza;;del civico n.;106;;Scontro laterale fra veicoli in marcia;Rettilineo;Una carreggiata a doppio senso;Asciutto;Asfaltata;Verticale ed orizzontale;Sereno;Normale;Buona;Sufficiente;0;0;0;3;12.58286;41.87251;-1;2;Autovettura privata;In marcia / fermata / arresto;Conducente;F;Illeso;0;;;
2847317;1;04/06/2016 11:15;Strada Urbana;PIAZZA S. BERNARDO;all'intersezione con;VIA VITTORIO EMANUELE ORLANDO;VIA VITTORIO EMANUELE ORLANDO;;;Tamponamento;Incrocio;Una carreggiata a senso unico di marcia;Asciutto;Asfaltata;Verticale ed orizzontale;Sereno;Normale;Buona;Ore Diurne;1;0;0;1;12.49443;41.90419;-1;1;Autovettura pubblica;In marcia / fermata / arresto;Conducente;M;Illeso;0;;Non accertato;Inesploso
2847317;1;04/06/2016 11:15;Strada Urbana;PIAZZA S. BERNARDO;all'intersezione con;VIA VITTORIO EMANUELE ORLANDO;VIA VITTORIO EMANUELE ORLANDO;;;Tamponamento;Incrocio;Una carreggiata a senso unico di marcia;Asciutto;Asfaltata;Verticale ed orizzontale;Sereno;Normale;Buona;Ore Diurne;1;0;0;1;12.49443;41.90419;-1;2;Autovettura privata;In marcia / fermata / arresto;Conducente;F;Rimandato;0;NON DECEDUTO;Non accertato;Inesploso
2847329;13;06/06/2016 08:00;Statale;VIA OSTIENSE;all'intersezione con;VIA DI MALAFEDE;VIA DI MALAFEDE;;;Tamponamento Multiplo;Incrocio;Una carreggiata a doppio senso;Asciutto;Asfaltata;Verticale ed orizzontale;Sereno;Normale;Buona;Ore Diurne;0;0;0;5;12.38931;41.79278;-1;1;Autovettura privata;In marcia / fermata / arresto;Conducente;M;Illeso;0;;Non accertato;Inesploso
2847329;13;06/06/2016 08:00;Statale;VIA OSTIENSE;all'intersezione con;VIA DI MALAFEDE;VIA DI MALAFEDE;;;Tamponamento Multiplo;Incrocio;Una carreggiata a doppio senso;Asciutto;Asfaltata;Verticale ed orizzontale;Sereno;Normale;Buona;Ore Diurne;0;0;0;5;12.38931;41.79278;-1;2;Autocarro inferiore 35 q.;In marcia / fermata / arresto;Conducente;M;Illeso;0;;Non accertato;Inesploso
2847329;13;06/06/2016 08:00;Statale;VIA OSTIENSE;all'intersezione con;VIA DI MALAFEDE;VIA DI MALAFEDE;;;Tamponamento Multiplo;Incrocio;Una carreggiata a doppio senso;Asciutto;Asfaltata;Verticale ed orizzontale;Sereno;Normale;Buona;Ore Diurne;0;0;0;5;12.38931;41.79278;-1;2;Autocarro inferiore 35 q.;In marcia / fermata / arresto;Passeggero;M;Illeso;0;;Non accertato;Inesploso
2847329;13;06/06/2016 08:00;Statale;VIA OSTIENSE;all'intersezione con;VIA DI MALAFEDE;VIA DI MALAFEDE;;;Tamponamento Multiplo;Incrocio;Una carreggiata a doppio senso;Asciutto;Asfaltata;Verticale ed orizzontale;Sereno;Normale;Buona;Ore Diurne;0;0;0;5;12.38931;41.79278;-1;3;Autocarro inferiore 35 q.;In marcia / fermata / arresto;Conducente;M;Illeso;0;;Non accertato;Inesploso
2847329;13;06/06/2016 08:00;Statale;VIA OSTIENSE;all'intersezione con;VIA DI MALAFEDE;VIA DI MALAFEDE;;;Tamponamento Multiplo;Incrocio;Una carreggiata a doppio senso;Asciutto;Asfaltata;Verticale ed orizzontale;Sereno;Normale;Buona;Ore Diurne;0;0;0;5;12.38931;41.79278;-1;4;Autocaravan;In marcia / fermata / arresto;Conducente;M;Illeso;0;;Non accertato;Inesploso
2847361;17;06/06/2016 16:00;Strada Urbana;VIA FEDERICO CESI;in prossimità;;del civico n.;72;;Veicolo in marcia contro ostacolo accidentale;Rettilineo;Una carreggiata a senso unico di marcia;Asciutto;Asfaltata;Verticale ed orizzontale;Sereno;Normale;Buona;Ore Diurne;0;0;0;1;12.471;41.90842;-1;1;Autovettura privata;In marcia / fermata / arresto;Conducente;F;Illeso;0;;Non accertato;Inesploso
2847363;1;05/06/2016 19:40;Strada Urbana;VIA MARMORATA;all'intersezione con;VIA CAIO CESTIO;VIA CAIO CESTIO;;;Scontro laterale fra veicoli in marcia;Incrocio;Una carreggiata a doppio senso;Asciutto;Asfaltata;Orizzontale;Sereno;Normale;Buona;Ore Diurne;0;0;0;3;12.48095;41.87709;-1;1;Autovettura privata;In marcia / fermata / arresto;Conducente;M;Illeso;0;;;
2847363;1;05/06/2016 19:40;Strada Urbana;VIA MARMORATA;all'intersezione con;VIA CAIO CESTIO;VIA CAIO CESTIO;;;Scontro laterale fra veicoli in marcia;Incrocio;Una carreggiata a doppio senso;Asciutto;Asfaltata;Orizzontale;Sereno;Normale;Buona;Ore Diurne;0;0;0;3;12.48095;41.87709;-1;1;Autovettura privata;In marcia / fermata / arresto;Passeggero;F;Illeso;0;;;
2847363;1;05/06/2016 19:40;Strada Urbana;VIA MARMORATA;all'intersezione con;VIA CAIO CESTIO;VIA CAIO CESTIO;;;Scontro laterale fra veicoli in marcia;Incrocio;Una carreggiata a doppio senso;Asciutto;Asfaltata;Orizzontale;Sereno;Normale;Buona;Ore Diurne;0;0;0;3;12.48095;41.87709;-1;2;Autovettura privata;In marcia / fermata / arresto;Conducente;F;Illeso;0;;;
2847367;4;06/06/2016 07:20;Strada Urbana;VIA DELLE VIGNE NUOVE;da specificare;;;;all'altezza di via Giovanni Conti;Tamponamento;Curva a visuale libera;Due carreggiate;Asciutto;Asfaltata;Verticale ed orizzontale;Sereno;Normale;Buona;Ore Diurne;2;0;0;1;12.53579;41.95549;-1;1;Autovettura privata;In marcia / fermata / arresto;Conducente;F;Rifiuta cure immediate;0;NON DECEDUTO;Non accertato;Esploso
2847367;4;06/06/2016 07:20;Strada Urbana;VIA DELLE VIGNE NUOVE;da specificare;;;;all'altezza di via Giovanni Conti;Tamponamento;Curva a visuale libera;Due carreggiate;Asciutto;Asfaltata;Verticale ed orizzontale;Sereno;Normale;Buona;Ore Diurne;2;0;0;1;12.53579;41.95549;-1;1;Autovettura privata;In marcia / fermata / arresto;Passeggero;M;Rifiuta cure immediate;0;NON DECEDUTO;Non accertato;Inesploso
2847367;4;06/06/2016 07:20;Strada Urbana;VIA DELLE VIGNE NUOVE;da specificare;;;;all'altezza di via Giovanni Conti;Tamponamento;Curva a visuale libera;Due carreggiate;Asciutto;Asfaltata;Verticale ed orizzontale;Sereno;Normale;Buona;Ore Diurne;2;0;0;1;12.53579;41.95549;-1;2;Autovettura privata;In marcia / fermata / arresto;Conducente;F;Illeso;0;;Non accertato;Inesploso
2847376;17;06/06/2016 13:50;Strada Urbana;PIAZZA DELLE CINQUE GIORNATE;all'intersezione semaforizzata con;LUNGOTEVERE MICHELANGELO;LUNGOTEVERE MICHELANGELO;;;Fuoriuscita dalla sede stradale;Intersezione semaforizzata;Una carreggiata a senso unico di marcia;Asciutto;Asfaltata;Verticale ed orizzontale;Sereno;Normale;Buona;Ore Diurne;0;0;0;1;12.46972;41.91424;-1;1;Autovettura privata;In marcia / fermata / arresto;Conducente;M;Illeso;0;;Non accertato;Inesploso
2847377;17;06/06/2016 08:10;Strada Urbana;VIALE ANGELICO;in prossimità;;del civico n.;79;;Investimento di pedone;Rettilineo;Più di due carreggiate;Asciutto;Asfaltata;Verticale ed orizzontale;Sereno;Normale;Buona;Ore Diurne;1;0;0;1;12.45821;41.91699;-1;;;;Pedone;M;Rimandato;0;NON DECEDUTO;;
2847377;17;06/06/2016 08:10;Strada Urbana;VIALE ANGELICO;in prossimità;;del civico n.;79;;Investimento di pedone;Rettilineo;Più di due carreggiate;Asciutto;Asfaltata;Verticale ed orizzontale;Sereno;Normale;Buona;Ore Diurne;1;0;0;1;12.45821;41.91699;-1;1;Autovettura privata;In marcia / fermata / arresto;Conducente;M;Illeso;0;;;
2847390;1;04/06/2016 11:45;Strada Urbana;VIALE DI TRASTEVERE;all'intersezione semaforizzata con;VIA GIROLAMO INDUNO;VIA GIROLAMO INDUNO;;;Scontro laterale fra veicoli in marcia;Intersezione semaforizzata;Più di due carreggiate;Asciutto;Asfaltata;Assente;Sereno;Normale;Buona;Ore Diurne;2;0;0;2;12.46776;41.88147;-1;1;Vettura tranviaria;In marcia / fermata / arresto;Conducente;M;Illeso;0;;Esente;
2847390;1;04/06/2016 11:45;Strada Urbana;VIALE DI TRASTEVERE;all'intersezione semaforizzata con;VIA GIROLAMO INDUNO;VIA GIROLAMO INDUNO;;;Scontro laterale fra veicoli in marcia;Intersezione semaforizzata;Più di due carreggiate;Asciutto;Asfaltata;Assente;Sereno;Normale;Buona;Ore Diurne;2;0;0;2;12.46776;41.88147;-1;2;Autovettura privata;In marcia / fermata / arresto;Conducente;M;Rifiuta cure immediate;0;NON DECEDUTO;Non accertato;Inesploso
2847390;1;04/06/2016 11:45;Strada Urbana;VIALE DI TRASTEVERE;all'intersezione semaforizzata con;VIA GIROLAMO INDUNO;VIA GIROLAMO INDUNO;;;Scontro laterale fra veicoli in marcia;Intersezione semaforizzata;Più di due carreggiate;Asciutto;Asfaltata;Assente;Sereno;Normale;Buona;Ore Diurne;2;0;0;2;12.46776;41.88147;-1;3;Autovettura privata;In marcia / fermata / arresto;Conducente;F;Rifiuta cure immediate;0;NON DECEDUTO;Non accertato;Inesploso
2847390;1;04/06/2016 11:45;Strada Urbana;VIALE DI TRASTEVERE;all'intersezione semaforizzata con;VIA GIROLAMO INDUNO;VIA GIROLAMO INDUNO;;;Scontro laterale fra veicoli in marcia;Intersezione semaforizzata;Più di due carreggiate;Asciutto;Asfaltata;Assente;Sereno;Normale;Buona;Ore Diurne;2;0;0;2;12.46776;41.88147;-1;3;Autovettura privata;In marcia / fermata / arresto;Passeggero;F;Illeso;0;;Non accertato;
2847391;17;06/06/2016 12:50;Strada Urbana;PIAZZALE CLODIO;all'intersezione con;VIA DARDANELLI;VIA DARDANELLI;;;Scontro frontale/laterale DX fra veicoli in marcia;Incrocio;Una carreggiata a senso unico di marcia;Asciutto;Asfaltata;Verticale ed orizzontale;Sereno;Normale;Sufficiente;Ore Diurne;0;0;0;2;12.45517;41.91692;-1;1;Autovettura privata;In marcia / fermata / arresto;Conducente;M;Illeso;0;;Non accertato;Inesploso
2847391;17;06/06/2016 12:50;Strada Urbana;PIAZZALE CLODIO;all'intersezione con;VIA DARDANELLI;VIA DARDANELLI;;;Scontro frontale/laterale DX fra veicoli in marcia;Incrocio;Una carreggiata a senso unico di marcia;Asciutto;Asfaltata;Verticale ed orizzontale;Sereno;Normale;Sufficiente;Ore Diurne;0;0;0;2;12.45517;41.91692;-1;2;Motociclo a solo;In marcia / fermata / arresto;Conducente;M;Illeso;0;;Non accertato;
2847399;6;06/06/2016 23:45;Strada Urbana;VIALE PALMIRO TOGLIATTI;all'intersezione con;VIA PRENESTINA;VIA PRENESTINA;;;Investimento di pedone;Incrocio;Una carreggiata a senso unico di marcia;Asciutto;Asfaltata;Verticale ed orizzontale;Sereno;Scarso;Buona;Sufficiente;1;0;0;1;12.57478;41.89478;-1;;;;Pedone;F;Rimandato;0;NON DECEDUTO;;
2847399;6;06/06/2016 23:45;Strada Urbana;VIALE PALMIRO TOGLIATTI;all'intersezione con;VIA PRENESTINA;VIA PRENESTINA;;;Investimento di pedone;Incrocio;Una carreggiata a senso unico di marcia;Asciutto;Asfaltata;Verticale ed orizzontale;Sereno;Scarso;Buona;Sufficiente;1;0;0;1;12.57478;41.89478;-1;1;Autovettura privata;In marcia / fermata / arresto;Conducente;M;Illeso;0;;;
2847407;13;06/06/2016 10:10;Strada Urbana;VIA MAR GIALLO;in corrispondenza;;del civico n.;9;;Scontro laterale fra veicoli in marcia;Rettilineo;Una carreggiata a doppio senso;Asciutto;Asfaltata;Verticale ed orizzontale;Sereno;Scarso;Buona;Ore Diurne;0;0;0;2;12.2953;41.73525;-1;1;Autovettura privata;In marcia / fermata / arresto;Conducente;M;Illeso;0;;Non accertato;
2847407;13;06/06/2016 10:10;Strada Urbana;VIA MAR GIALLO;in corrispondenza;;del civico n.;9;;Scontro laterale fra veicoli in marcia;Rettilineo;Una carreggiata a doppio senso;Asciutto;Asfaltata;Verticale ed orizzontale;Sereno;Scarso;Buona;Ore Diurne;0;0;0;2;12.2953;41.73525;-1;2;Autovettura privata;In marcia / fermata / arresto;Conducente;F;Illeso;0;;Non accertato;
2847411;13;06/06/2016 13:00;Strada Urbana;VIA LISIPPO;all'intersezione con;VIA IBICO;VIA IBICO;;;Scontro frontale/laterale SX fra veicoli in marcia;Incrocio;Una carreggiata a senso unico di marcia;Asciutto;Asfaltata;Verticale ed orizzontale;Sereno;Scarso;Buona;Ore Diurne;0;0;0;2;12.36884;41.76612;-1;1;Autovettura privata;In marcia / fermata / arresto;Conducente;F;Illeso;0;;;
2847411;13;06/06/2016 13:00;Strada Urbana;VIA LISIPPO;all'intersezione con;VIA IBICO;VIA IBICO;;;Scontro frontale/laterale SX fra veicoli in marcia;Incrocio;Una carreggiata a senso unico di marcia;Asciutto;Asfaltata;Verticale ed orizzontale;Sereno;Scarso;Buona;Ore Diurne;0;0;0;2;12.36884;41.76612;-1;2;Autovettura privata;In marcia / fermata / arresto;Conducente;M;Illeso;0;;;
2847413;17;06/06/2016 19:30;Strada Urbana;PIAZZA GIUSEPPE MAZZINI;da specificare;;;;fronte via Ferrari;Scontro laterale fra veicoli in marcia;Rotatoria;Una carreggiata a senso unico di marcia;Asciutto;Asfaltata;Verticale ed orizzontale;Sereno;Normale;Buona;Ore Diurne;0;0;0;4;12.46372;41.91546;-1;1;Autovettura pubblica;In marcia / fermata / arresto;Conducente;M;Illeso;0;;Non accertato;Inesploso
2847413;17;06/06/2016 19:30;Strada Urbana;PIAZZA GIUSEPPE MAZZINI;da specificare;;;;fronte via Ferrari;Scontro laterale fra veicoli in marcia;Rotatoria;Una carreggiata a senso unico di marcia;Asciutto;Asfaltata;Verticale ed orizzontale;Sereno;Normale;Buona;Ore Diurne;0;0;0;4;12.46372;41.91546;-1;2;Autovettura privata;In marcia / fermata / arresto;Conducente;F;Illeso;0;;Non accertato;Inesploso
2847413;17;06/06/2016 19:30;Strada Urbana;PIAZZA GIUSEPPE MAZZINI;da specificare;;;;fronte via Ferrari;Scontro laterale fra veicoli in marcia;Rotatoria;Una carreggiata a senso unico di marcia;Asciutto;Asfaltata;Verticale ed orizzontale;Sereno;Normale;Buona;Ore Diurne;0;0;0;4;12.46372;41.91546;-1;2;Autovettura privata;In marcia / fermata / arresto;Passeggero;F;Illeso;0;;Non accertato;Inesploso
2847413;17;06/06/2016 19:30;Strada Urbana;PIAZZA GIUSEPPE MAZZINI;da specificare;;;;fronte via Ferrari;Scontro laterale fra veicoli in marcia;Rotatoria;Una carreggiata a senso unico di marcia;Asciutto;Asfaltata;Verticale ed orizzontale;Sereno;Normale;Buona;Ore Diurne;0;0;0;4;12.46372;41.91546;-1;2;Autovettura privata;In marcia / fermata / arresto;Passeggero;M;Illeso;0;;Non accertato;Inesploso
2847419;4;06/06/2016 14:15;Strada Urbana;VIA TEOFILO FOLENGO;all'intersezione con;VIA ANTONIO FOGAZZARO;VIA ANTONIO FOGAZZARO;;;Scontro frontale/laterale DX fra veicoli in marcia;Incrocio;Una carreggiata a senso unico di marcia;Asciutto;Asfaltata;Verticale;Sereno;Normale;Buona;Ore Diurne;0;0;0;2;12.54998;41.94365;-1;1;Autovettura privata;In marcia / fermata / arresto;Conducente;F;Illeso;0;;Non accertato;Inesploso
2847419;4;06/06/2016 14:15;Strada Urbana;VIA TEOFILO FOLENGO;all'intersezione con;VIA ANTONIO FOGAZZARO;VIA ANTONIO FOGAZZARO;;;Scontro frontale/laterale DX fra veicoli in marcia;Incrocio;Una carreggiata a senso unico di marcia;Asciutto;Asfaltata;Verticale;Sereno;Normale;Buona;Ore Diurne;0;0;0;2;12.54998;41.94365;-1;2;Autovettura privata;In marcia / fermata / arresto;Conducente;M;Illeso;0;;Non accertato;Inesploso
2847430;1;05/06/2016 01:45;Strada Urbana;VIA ANGELO MASINA;in prossimità;;del palo luce n.;n.1;;Tamponamento;Rettilineo;Una carreggiata a senso unico di marcia;Asciutto;Asfaltata;Verticale ed orizzontale;Sereno;Scarso;Buona;Sufficiente;1;0;0;2;12.46247;41.88823;-1;2;Autovettura privata;In marcia / fermata / arresto;Conducente;F;Rifiuta cure immediate;0;NON DECEDUTO;Non accertato;
2847430;1;05/06/2016 01:45;Strada Urbana;VIA ANGELO MASINA;in prossimità;;del palo luce n.;n.1;;Tamponamento;Rettilineo;Una carreggiata a senso unico di marcia;Asciutto;Asfaltata;Verticale ed orizzontale;Sereno;Scarso;Buona;Sufficiente;1;0;0;2;12.46247;41.88823;-1;2;Autovettura privata;In marcia / fermata / arresto;Passeggero;M;Illeso;0;;Non accertato;
2847430;1;05/06/2016 01:45;Strada Urbana;VIA ANGELO MASINA;in prossimità;;del palo luce n.;n.1;;Tamponamento;Rettilineo;Una carreggiata a senso unico di marcia;Asciutto;Asfaltata;Verticale ed orizzontale;Sereno;Scarso;Buona;Sufficiente;1;0;0;2;12.46247;41.88823;-1;3;Autovettura privata;In marcia / fermata / arresto;Conducente;M;Illeso;0;;Non accertato;
2847431;17;06/06/2016;Strada Urbana;VIALE DEI CAVALIERI DI VITTORIO VENETO;da specificare;;;;direzione P.LE CLODIO;Veicolo in marcia contro ostacolo fisso;Pendenza;Due carreggiate;Asciutto;Asfaltata;Verticale ed orizzontale;Sereno;Normale;Buona;Ore Diurne;2;0;0;0;12.45491;41.91674;-1;1;Autovettura privata;In marcia / fermata / arresto;Conducente;F;Rimandato;0;NON DECEDUTO;Non accertato;Inesploso
2847431;17;06/06/2016;Strada Urbana;VIALE DEI CAVALIERI DI VITTORIO VENETO;da specificare;;;;direzione P.LE CLODIO;Veicolo in marcia contro ostacolo fisso;Pendenza;Due carreggiate;Asciutto;Asfaltata;Verticale ed orizzontale;Sereno;Normale;Buona;Ore Diurne;2;0;0;0;12.45491;41.91674;-1;1;Autovettura privata;In marcia / fermata / arresto;Passeggero;F;Rimandato;0;NON DECEDUTO;;
2847437;12;06/06/2016 13:00;Strada Urbana;VIA GEMMANO;all'intersezione con;VIA DEL RISARO;VIA DEL RISARO;;;Scontro frontale/laterale SX fra veicoli in marcia;Incrocio;Una carreggiata a senso unico di marcia;Asciutto;Asfaltata;Verticale ed orizzontale;Sereno;Normale;Buona;Ore Diurne;0;0;0;3;12.40403;41.79277;-1;1;Autovettura privata;In marcia / fermata / arresto;Conducente;F;Illeso;0;;Utilizzato;
2847437;12;06/06/2016 13:00;Strada Urbana;VIA GEMMANO;all'intersezione con;VIA DEL RISARO;VIA DEL RISARO;;;Scontro frontale/laterale SX fra veicoli in marcia;Incrocio;Una carreggiata a senso unico di marcia;Asciutto;Asfaltata;Verticale ed orizzontale;Sereno;Normale;Buona;Ore Diurne;0;0;0;3;12.40403;41.79277;-1;1;Autovettura privata;In marcia / fermata / arresto;Passeggero;F;Illeso;0;;Utilizzato;
2847437;12;06/06/2016 13:00;Strada Urbana;VIA GEMMANO;all'intersezione con;VIA DEL RISARO;VIA DEL RISARO;;;Scontro frontale/laterale SX fra veicoli in marcia;Incrocio;Una carreggiata a senso unico di marcia;Asciutto;Asfaltata;Verticale ed orizzontale;Sereno;Normale;Buona;Ore Diurne;0;0;0;3;12.40403;41.79277;-1;2;Autovettura privata;In marcia / fermata / arresto;Conducente;F;Illeso;0;;Utilizzato;
2847444;6;06/06/2016 18:00;Strada Urbana;VIA ANAGNI;all'intersezione con;VIA OLEVANO ROMANO;VIA OLEVANO ROMANO;;;Scontro frontale/laterale DX fra veicoli in marcia;Intersezione semaforizzata;Una carreggiata a doppio senso;Asciutto;Asfaltata;Verticale ed orizzontale;Sereno;Intenso;Buona;Ore Diurne;1;0;0;1;12.55583;41.89004;-1;1;Motociclo a solo;In marcia / fermata / arresto;Conducente;M;Rimandato;0;NON DECEDUTO;;
2847444;6;06/06/2016 18:00;Strada Urbana;VIA ANAGNI;all'intersezione con;VIA OLEVANO ROMANO;VIA OLEVANO ROMANO;;;Scontro frontale/laterale DX fra veicoli in marcia;Intersezione semaforizzata;Una carreggiata a doppio senso;Asciutto;Asfaltata;Verticale ed orizzontale;Sereno;Intenso;Buona;Ore Diurne;1;0;0;1;12.55583;41.89004;-1;2;Autovettura privata;In marcia / fermata / arresto;Conducente;M;Illeso;0;;;
2847447;11;07/06/2016 08:30;Strada Urbana;VIALE GUGLIELMO MARCONI;all'intersezione semaforizzata con;VIA TEMISTOCLE CALZECCHI ONESTI;VIA TEMISTOCLE CALZECCHI ONESTI;;;Scontro laterale fra veicoli in marcia;Incrocio;Due carreggiate;Asciutto;Asfaltata;Verticale ed orizzontale;Sereno;Intenso;Buona;Ore Diurne;0;0;0;2;12.47114;41.85732;-1;1;Autovettura privata;In marcia / fermata / arresto;Conducente;M;Illeso;0;;Non accertato;