Protocollo;Gruppo;DataOraIncidente;Localizzazione1;STRADA1;Localizzazione2;STRADA2;Strada02;Chilometrica;DaSpecificare;NaturaIncidente;particolaritastrade;TipoStrada;FondoStradale;Pavimentazione;Segnaletica;CondizioneAtmosferica;Traffico;Visibilita;Illuminazione;NUM_FERITI;NUM_RISERVATA;NUM_MORTI;NUM_ILLESI;Longitudine;Latitudine;Confermato;Progressivo;TipoVeicolo;StatoVeicolo;TipoPersona;Sesso;Tipolesione;Deceduto;DecedutoDopo;CinturaCascoUtilizzato;Airbag
2847447;11;07/06/2016 08:30;Strada Urbana;VIALE GUGLIELMO MARCONI;all'intersezione semaforizzata con;VIA TEMISTOCLE CALZECCHI ONESTI;VIA TEMISTOCLE CALZECCHI ONESTI;;;Scontro laterale fra veicoli in marcia;Incrocio;Due carreggiate;Asciutto;Asfaltata;Verticale ed orizzontale;Sereno;Intenso;Buona;Ore Diurne;0;0;0;2;12.47114;41.85732;-1;2;Autovettura privata;In marcia / fermata / arresto;Conducente;M;Illeso;0;;Non accertato;Inesploso
2847452;13;06/06/2016 19:30;Strada Urbana;VIA GALLI DELLA MANTICA;in corrispondenza;;del civico n.;44;;Veicolo in marcia contro veicolo in sosta;Rettilineo;Una carreggiata a senso unico di marcia;Asciutto;Asfaltata;Assente;Sereno;Scarso;Buona;Ore Diurne;0;0;0;1;12.28822;41.73477;-1;2;Autovettura privata;In marcia / fermata / arresto;Conducente;F;Illeso;0;;;
2847458;1;04/06/2016 23:30;Strada Urbana;VIA DELLA GRECA;all'intersezione semaforizzata con;PIAZZA DELLA BOCCA DELLA VERITA';PIAZZA DELLA BOCCA DELLA VERITA';;;Scontro laterale fra veicoli in marcia;Intersezione semaforizzata;Una carreggiata a doppio senso;Asciutto;Asfaltata;Verticale ed orizzontale;Sereno;Intenso;Buona;Sufficiente;0;0;0;7;12.48119;41.88802;-1;1;Autovettura privata;In marcia / fermata / arresto;Conducente;M;Illeso;0;;;
2847458;1;04/06/2016 23:30;Strada Urbana;VIA DELLA GRECA;all'intersezione semaforizzata con;PIAZZA DELLA BOCCA DELLA VERITA';PIAZZA DELLA BOCCA DELLA VERITA';;;Scontro laterale fra veicoli in marcia;Intersezione semaforizzata;Una carreggiata a doppio senso;Asciutto;Asfaltata;Verticale ed orizzontale;Sereno;Intenso;Buona;Sufficiente;0;0;0;7;12.48119;41.88802;-1;1;Autovettura privata;In marcia / fermata / arresto;Passeggero;F;Illeso;0;;;
2847458;1;04/06/2016 23:30;Strada Urbana;VIA DELLA GRECA;all'intersezione semaforizzata con;PIAZZA DELLA BOCCA DELLA VERITA';PIAZZA DELLA BOCCA DELLA VERITA';;;Scontro laterale fra veicoli in marcia;Intersezione semaforizzata;Una carreggiata a doppio senso;Asciutto;Asfaltata;Verticale ed orizzontale;Sereno;Intenso;Buona;Sufficiente;0;0;0;7;12.48119;41.88802;-1;1;Autovettura privata;In marcia / fermata / arresto;Passeggero;F;Illeso;0;;;
2847458;1;04/06/2016 23:30;Strada Urbana;VIA DELLA GRECA;all'intersezione semaforizzata con;PIAZZA DELLA BOCCA DELLA VERITA';PIAZZA DELLA BOCCA DELLA VERITA';;;Scontro laterale fra veicoli in marcia;Intersezione semaforizzata;Una carreggiata a doppio senso;Asciutto;Asfaltata;Verticale ed orizzontale;Sereno;Intenso;Buona;Sufficiente;0;0;0;7;12.48119;41.88802;-1;1;Autovettura privata;In marcia / fermata / arresto;Passeggero;F;Illeso;0;;;
2847458;1;04/06/2016 23:30;Strada Urbana;VIA DELLA GRECA;all'intersezione semaforizzata con;PIAZZA DELLA BOCCA DELLA VERITA';PIAZZA DELLA BOCCA DELLA VERITA';;;Scontro laterale fra veicoli in marcia;Intersezione semaforizzata;Una carreggiata a doppio senso;Asciutto;Asfaltata;Verticale ed orizzontale;Sereno;Intenso;Buona;Sufficiente;0;0;0;7;12.48119;41.88802;-1;2;Autovettura privata;In marcia / fermata / arresto;Conducente;M;Illeso;0;;;
2847458;1;04/06/2016 23:30;Strada Urbana;VIA DELLA GRECA;all'intersezione semaforizzata con;PIAZZA DELLA BOCCA DELLA VERITA';PIAZZA DELLA BOCCA DELLA VERITA';;;Scontro laterale fra veicoli in marcia;Intersezione semaforizzata;Una carreggiata a doppio senso;Asciutto;Asfaltata;Verticale ed orizzontale;Sereno;Intenso;Buona;Sufficiente;0;0;0;7;12.48119;41.88802;-1;2;Autovettura privata;In marcia / fermata / arresto;Passeggero;F;Illeso;0;;;
2847460;2;06/06/2016 08:40;Strada Urbana;VIA DEL GIUBA;in corrispondenza;;del civico n.;9;;Veicolo in marcia contro veicolo fermo;Rettilineo;Una carreggiata a senso unico di marcia;Asciutto;Asfaltata;Verticale ed orizzontale;Sereno;Scarso;Buona;Ore Diurne;0;0;0;2;12.51977;41.92743;-1;1;Autovettura privata;In marcia / fermata / arresto;Conducente;F;Illeso;0;;;
2847460;2;06/06/2016 08:40;Strada Urbana;VIA DEL GIUBA;in corrispondenza;;del civico n.;9;;Veicolo in marcia contro veicolo fermo;Rettilineo;Una carreggiata a senso unico di marcia;Asciutto;Asfaltata;Verticale ed orizzontale;Sereno;Scarso;Buona;Ore Diurne;0;0;0;2;12.51977;41.92743;-1;2;Autovettura privata;In marcia / fermata / arresto;Conducente;M;Illeso;0;;;
2847485;4;06/06/2016 10:40;Strada Urbana;VIA LEVANNA;in corrispondenza;;del civico n.;15;;Scontro laterale fra veicoli in marcia;Rettilineo;Una carreggiata a senso unico di marcia;Asciutto;Asfaltata;Orizzontale;Sereno;Scarso;Buona;Ore Diurne;0;0;0;2;12.54042;41.93657;-1;1;Autovettura privata;In marcia / fermata / arresto;Conducente;M;Illeso;0;;Non accertato;Inesploso
2847485;4;06/06/2016 10:40;Strada Urbana;VIA LEVANNA;in corrispondenza;;del civico n.;15;;Scontro laterale fra veicoli in marcia;Rettilineo;Una carreggiata a senso unico di marcia;Asciutto;Asfaltata;Orizzontale;Sereno;Scarso;Buona;Ore Diurne;0;0;0;2;12.54042;41.93657;-1;2;Autovettura privata;In marcia / fermata / arresto;Conducente;F;Illeso;0;;Non accertato;Inesploso
2847496;19;06/06/2016 19:45;Strada Urbana;VIA DEI SAMPIETRINI;in corrispondenza;;del civico n.;90;;Veicolo in marcia contro ostacolo fisso;Curva senza visuale libera;Una carreggiata a senso unico di marcia;Asciutto;Asfaltata;Verticale;Sereno;Scarso;Buona;Ore Diurne;0;0;0;1;12.41377;41.91011;-1;1;Autovettura privata;In marcia / fermata / arresto;Conducente;M;Illeso;0;;Non accertato;Esploso
2847501;13;06/06/2016 21:45;Strada Urbana;PIAZZA DELLA ROVERE;all'intersezione con;VIA ANGELO CELLI;VIA ANGELO CELLI;;;Scontro frontale/laterale SX fra veicoli in marcia;Incrocio;Una carreggiata a senso unico di marcia;Asciutto;Asfaltata;Verticale ed orizzontale;Sereno;Scarso;Buona;Sufficiente;1;0;0;1;12.46261;41.8993;-1;1;Autovettura privata;In marcia / fermata / arresto;Conducente;M;Rimandato;0;NON DECEDUTO;Non accertato;
2847501;13;06/06/2016 21:45;Strada Urbana;PIAZZA DELLA ROVERE;all'intersezione con;VIA ANGELO CELLI;VIA ANGELO CELLI;;;Scontro frontale/laterale SX fra veicoli in marcia;Incrocio;Una carreggiata a senso unico di marcia;Asciutto;Asfaltata;Verticale ed orizzontale;Sereno;Scarso;Buona;Sufficiente;1;0;0;1;12.46261;41.8993;-1;2;Autovettura privata;In marcia / fermata / arresto;Conducente;M;Illeso;0;;;
2847507;1;05/06/2016 06:30;Strada Urbana;LUNGOTEVERE RIPA;in prossimità;;del civico n.;5;;Veicolo in marcia contro veicolo in sosta;Rettilineo;Una carreggiata a senso unico di marcia;Asciutto;Asfaltata;Verticale ed orizzontale;Sereno;Scarso;Buona;Ore Diurne;0;0;0;1;12.47873;41.88806;-1;1;Autovettura privata;In marcia / fermata / arresto;Conducente;M;Illeso;0;;;
2847524;5;07/06/2016 06:00;Strada Urbana;VIA DI TOR CERVARA;in prossimità;;del civico n.;11;;Scontro frontale/laterale SX fra veicoli in marcia;Rettilineo;Una carreggiata a doppio senso;Asciutto;Asfaltata;Verticale ed orizzontale;Sereno;Normale;Sufficiente;Ore Diurne;1;0;0;1;12.5861;41.93179;-1;1;Autovettura privata;In marcia / fermata / arresto;Conducente;M;Illeso;0;;Non accertato;
2847524;5;07/06/2016 06:00;Strada Urbana;VIA DI TOR CERVARA;in prossimità;;del civico n.;11;;Scontro frontale/laterale SX fra veicoli in marcia;Rettilineo;Una carreggiata a doppio senso;Asciutto;Asfaltata;Verticale ed orizzontale;Sereno;Normale;Sufficiente;Ore Diurne;1;0;0;1;12.5861;41.93179;-1;2;Motociclo a solo;In marcia / fermata / arresto;Conducente;M;Rimandato;0;NON DECEDUTO;Non accertato;
2847535;4;06/06/2016 08:10;Strada Urbana;VIA GIUSEPPE VALMARANA;da specificare;;;;in prossimità via G. Mussi;Scontro frontale/laterale SX fra veicoli in marcia;Rettilineo;Una carreggiata a doppio senso;Asciutto;Asfaltata;Orizzontale;Sereno;Normale;Buona;Ore Diurne;0;0;0;3;12.51672;41.94907;-1;1;Autovettura privata;In marcia / fermata / arresto;Conducente;F;Illeso;0;;Non accertato;
2847535;4;06/06/2016 08:10;Strada Urbana;VIA GIUSEPPE VALMARANA;da specificare;;;;in prossimità via G. Mussi;Scontro frontale/laterale SX fra veicoli in marcia;Rettilineo;Una carreggiata a doppio senso;Asciutto;Asfaltata;Orizzontale;Sereno;Normale;Buona;Ore Diurne;0;0;0;3;12.51672;41.94907;-1;2;Motociclo a solo;In marcia / fermata / arresto;Conducente;M;Illeso;0;;Non accertato;
2847535;4;06/06/2016 08:10;Strada Urbana;VIA GIUSEPPE VALMARANA;da specificare;;;;in prossimità via G. Mussi;Scontro frontale/laterale SX fra veicoli in marcia;Rettilineo;Una carreggiata a doppio senso;Asciutto;Asfaltata;Orizzontale;Sereno;Normale;Buona;Ore Diurne;0;0;0;3;12.51672;41.94907;-1;3;Veicolo speciale;In marcia / fermata / arresto;Conducente;M;Illeso;0;;Non accertato;
2847537;1;06/06/2016 07:30;Strada Urbana;VIA TOMACELLI;in corrispondenza;;del civico n.;136;;Investimento di pedone;Rettilineo;Una carreggiata a doppio senso;Asciutto;Asfaltata;Verticale ed orizzontale;Sereno;Scarso;Buona;Ore Diurne;1;0;0;1;12.47661;41.90485;-1;;;;Pedone;F;Rimandato;0;NON DECEDUTO;;
2847537;1;06/06/2016 07:30;Strada Urbana;VIA TOMACELLI;in corrispondenza;;del civico n.;136;;Investimento di pedone;Rettilineo;Una carreggiata a doppio senso;Asciutto;Asfaltata;Verticale ed orizzontale;Sereno;Scarso;Buona;Ore Diurne;1;0;0;1;12.47661;41.90485;-1;1;Autovettura privata;In marcia / fermata / arresto;Conducente;M;Illeso;0;;;
2847550;7;06/06/2016 11:15;Strada Urbana;VIALE DELLE GARDENIE;all'intersezione con;VIA DELLE CELIDONIE;VIA DELLE CELIDONIE;;;Scontro frontale/laterale DX fra veicoli in marcia;Incrocio;Due carreggiate;Asciutto;Asfaltata;Verticale ed orizzontale;Sereno;Normale;Sufficiente;Ore Diurne;0;0;0;2;12.56443;41.88616;-1;1;Autovettura privata;In marcia / fermata / arresto;Conducente;M;Illeso;0;;Non accertato;Inesploso
2847550;7;06/06/2016 11:15;Strada Urbana;VIALE DELLE GARDENIE;all'intersezione con;VIA DELLE CELIDONIE;VIA DELLE CELIDONIE;;;Scontro frontale/laterale DX fra veicoli in marcia;Incrocio;Due carreggiate;Asciutto;Asfaltata;Verticale ed orizzontale;Sereno;Normale;Sufficiente;Ore Diurne;0;0;0;2;12.56443;41.88616;-1;2;Autovettura privata;In marcia / fermata / arresto;Conducente;M;Illeso;0;;Non accertato;Inesploso
2847551;10;07/06/2016 09:05;Strada Urbana;VIA VITTORIO RAGUSA;da specificare;;;;"altezza area parcheggio ""Oviesse""";Tamponamento Multiplo;Rettilineo;Più di due carreggiate;Asciutto;Asfaltata;Verticale ed orizzontale;Sereno;Normale;Buona;Ore Diurne;1;0;0;2;12.60487;41.85011;-1;1;Autocarro inferiore 35 q.;In marcia / fermata / arresto;Conducente;M;Illeso;0;;Non accertato;Inesploso
2847551;10;07/06/2016 09:05;Strada Urbana;VIA VITTORIO RAGUSA;da specificare;;;;"altezza area parcheggio ""Oviesse""";Tamponamento Multiplo;Rettilineo;Più di due carreggiate;Asciutto;Asfaltata;Verticale ed orizzontale;Sereno;Normale;Buona;Ore Diurne;1;0;0;2;12.60487;41.85011;-1;2;Autovettura privata;In marcia / fermata / arresto;Conducente;F;Rifiuta cure immediate;0;NON DECEDUTO;Non accertato;Inesploso
2847551;10;07/06/2016 09:05;Strada Urbana;VIA VITTORIO RAGUSA;da specificare;;;;"altezza area parcheggio ""Oviesse""";Tamponamento Multiplo;Rettilineo;Più di due carreggiate;Asciutto;Asfaltata;Verticale ed orizzontale;Sereno;Normale;Buona;Ore Diurne;1;0;0;2;12.60487;41.85011;-1;3;Autovettura privata;In marcia / fermata / arresto;Conducente;M;Illeso;0;;Non accertato;Inesploso
2847563;16;06/06/2016 07:00;Strada Urbana;VIA CESARE PASCOLETTI;in prossimità;;del civico n.;23;;Scontro frontale/laterale SX fra veicoli in marcia;Rettilineo;Una carreggiata a doppio senso;Asciutto;Asfaltata;Verticale ed orizzontale;Sereno;Normale;Buona;Ore Diurne;0;0;0;2;12.40301;41.87315;-1;1;Autovettura pubblica;In marcia / fermata / arresto;Conducente;M;Illeso;0;;Non accertato;Inesploso
2847563;16;06/06/2016 07:00;Strada Urbana;VIA CESARE PASCOLETTI;in prossimità;;del civico n.;23;;Scontro frontale/laterale SX fra veicoli in marcia;Rettilineo;Una carreggiata a doppio senso;Asciutto;Asfaltata;Verticale ed orizzontale;Sereno;Normale;Buona;Ore Diurne;0;0;0;2;12.40301;41.87315;-1;2;Autovettura privata;In marcia / fermata / arresto;Conducente;M;Illeso;0;;Non accertato;Inesploso
2847564;7;06/06/2016 17:55;Strada Urbana;VIALE PALMIRO TOGLIATTI;in corrispondenza;;del civico n.;798;;Scontro laterale fra veicoli in marcia;Rettilineo;Due carreggiate;Asciutto;Asfaltata;Verticale ed orizzontale;Sereno;Normale;Buona;Ore Diurne;0;0;0;3;12.57343;41.88428;-1;1;Autovettura privata;In marcia / fermata / arresto;Conducente;F;Illeso;0;;Non accertato;Inesploso
2847564;7;06/06/2016 17:55;Strada Urbana;VIALE PALMIRO TOGLIATTI;in corrispondenza;;del civico n.;798;;Scontro laterale fra veicoli in marcia;Rettilineo;Due carreggiate;Asciutto;Asfaltata;Verticale ed orizzontale;Sereno;Normale;Buona;Ore Diurne;0;0;0;3;12.57343;41.88428;-1;2;Autovettura privata;In marcia / fermata / arresto;Conducente;M;Illeso;0;;Non accertato;Inesploso
2847564;7;06/06/2016 17:55;Strada Urbana;VIALE PALMIRO TOGLIATTI;in corrispondenza;;del civico n.;798;;Scontro laterale fra veicoli in marcia;Rettilineo;Due carreggiate;Asciutto;Asfaltata;Verticale ed orizzontale;Sereno;Normale;Buona;Ore Diurne;0;0;0;3;12.57343;41.88428;-1;2;Autovettura privata;In marcia / fermata / arresto;Passeggero;F;Illeso;0;;Non accertato;Inesploso
2847568;1;06/06/2016 10:30;Strada Urbana;VIA LUIGI VANVITELLI;all'intersezione con;VIA PIETRO QUERINI;VIA PIETRO QUERINI;;;Scontro frontale fra veicoli in marcia;Intersezione stradale segnalata;Una carreggiata a senso unico di marcia;Asciutto;Asfaltata;Verticale ed orizzontale;Sereno;Scarso;Buona;Ore Diurne;0;0;0;4;12.47679;41.88054;-1;1;Autovettura privata;In marcia / fermata / arresto;Conducente;M;Illeso;0;;Non accertato;
2847568;1;06/06/2016 10:30;Strada Urbana;VIA LUIGI VANVITELLI;all'intersezione con;VIA PIETRO QUERINI;VIA PIETRO QUERINI;;;Scontro frontale fra veicoli in marcia;Intersezione stradale segnalata;Una carreggiata a senso unico di marcia;Asciutto;Asfaltata;Verticale ed orizzontale;Sereno;Scarso;Buona;Ore Diurne;0;0;0;4;12.47679;41.88054;-1;1;Autovettura privata;In marcia / fermata / arresto;Passeggero;M;Illeso;0;;Non accertato;
2847568;1;06/06/2016 10:30;Strada Urbana;VIA LUIGI VANVITELLI;all'intersezione con;VIA PIETRO QUERINI;VIA PIETRO QUERINI;;;Scontro frontale fra veicoli in marcia;Intersezione stradale segnalata;Una carreggiata a senso unico di marcia;Asciutto;Asfaltata;Verticale ed orizzontale;Sereno;Scarso;Buona;Ore Diurne;0;0;0;4;12.47679;41.88054;-1;1;Autovettura privata;In marcia / fermata / arresto;Passeggero;F;Illeso;0;;Non accertato;
2847568;1;06/06/2016 10:30;Strada Urbana;VIA LUIGI VANVITELLI;all'intersezione con;VIA PIETRO QUERINI;VIA PIETRO QUERINI;;;Scontro frontale fra veicoli in marcia;Intersezione stradale segnalata;Una carreggiata a senso unico di marcia;Asciutto;Asfaltata;Verticale ed orizzontale;Sereno;Scarso;Buona;Ore Diurne;0;0;0;4;12.47679;41.88054;-1;2;Autovettura privata;In marcia / fermata / arresto;Conducente;M;Illeso;0;;Non accertato;
2847579;12;06/06/2016 14:30;Provinciale entro l'abitato;VIA LAURENTINA;in corrispondenza;;del civico n.;591;;Veicolo in marcia contro veicolo in sosta;Rettilineo;Due carreggiate;Asciutto;Asfaltata;Verticale ed orizzontale;Sereno;Normale;Buona;Ore Diurne;0;0;0;1;12.47963;41.8228;-1;2;Autovettura privata;In marcia / fermata / arresto;Conducente;F;Illeso;0;;Non accertato;Inesploso
2847592;17;06/06/2016 15:40;Strada Urbana;LUNGOTEVERE MICHELANGELO;da specificare;;;;SOTTOPASSO ALTEZZA PIAZZA DELLA LIBERTA';Veicolo in marcia contro veicoli in sosta;Sottopasso non illuminato;Una carreggiata a senso unico di marcia;Asciutto;Asfaltata;Verticale ed orizzontale;Sereno;Normale;Buona;Ore Diurne;0;0;0;1;12.47036;41.91219;-1;1;Autovettura privata;In marcia / fermata / arresto;Conducente;M;Illeso;0;;;
2847594;16;05/06/2016 15:40;Strada Urbana;VIA DEL VASCELLO;all'intersezione con;VIA FRANCESCO DAVERIO;VIA FRANCESCO DAVERIO;;;Scontro frontale/laterale DX fra veicoli in marcia;Incrocio;Una carreggiata a senso unico di marcia;Asciutto;Lastricata;Verticale ed orizzontale;Sereno;Normale;Buona;Ore Diurne;0;0;0;4;12.45956;41.88591;-1;1;Autovettura privata;In marcia / fermata / arresto;Conducente;M;Illeso;0;;Non accertato;Inesploso
2847594;16;05/06/2016 15:40;Strada Urbana;VIA DEL VASCELLO;all'intersezione con;VIA FRANCESCO DAVERIO;VIA FRANCESCO DAVERIO;;;Scontro frontale/laterale DX fra veicoli in marcia;Incrocio;Una carreggiata a senso unico di marcia;Asciutto;Lastricata;Verticale ed orizzontale;Sereno;Normale;Buona;Ore Diurne;0;0;0;4;12.45956;41.88591;-1;2;Autovettura privata;In marcia / fermata / arresto;Conducente;M;Illeso;0;;Non accertato;Inesploso
2847594;16;05/06/2016 15:40;Strada Urbana;VIA DEL VASCELLO;all'intersezione con;VIA FRANCESCO DAVERIO;VIA FRANCESCO DAVERIO;;;Scontro frontale/laterale DX fra veicoli in marcia;Incrocio;Una carreggiata a senso unico di marcia;Asciutto;Lastricata;Verticale ed orizzontale;Sereno;Normale;Buona;Ore Diurne;0;0;0;4;12.45956;41.88591;-1;2;Autovettura privata;In marcia / fermata / arresto;Passeggero;F;Illeso;0;;Non accertato;Inesploso
2847594;16;05/06/2016 15:40;Strada Urbana;VIA DEL VASCELLO;all'intersezione con;VIA FRANCESCO DAVERIO;VIA FRANCESCO DAVERIO;;;Scontro frontale/laterale DX fra veicoli in marcia;Incrocio;Una carreggiata a senso unico di marcia;Asciutto;Lastricata;Verticale ed orizzontale;Sereno;Normale;Buona;Ore Diurne;0;0;0;4;12.45956;41.88591;-1;2;Autovettura privata;In marcia / fermata / arresto;Passeggero;F;Illeso;0;;Non accertato;Inesploso
2847606;6;06/06/2016 19:40;Strada Urbana;VIA BASILIANO;da specificare;;;;prossimità via LUSSIMPICCOLO;Scontro frontale/laterale SX fra veicoli in marcia;Rettilineo;Una carreggiata a senso unico di marcia;Asciutto;Asfaltata;Verticale ed orizzontale;Sereno;Scarso;Sufficiente;Ore Diurne;0;0;0;2;12.55696;41.8995;-1;1;Autovettura privata;In marcia / fermata / arresto;Conducente;F;Illeso;0;;Non accertato;
2847606;6;06/06/2016 19:40;Strada Urbana;VIA BASILIANO;da specificare;;;;prossimità via LUSSIMPICCOLO;Scontro frontale/laterale SX fra veicoli in marcia;Rettilineo;Una carreggiata a senso unico di marcia;Asciutto;Asfaltata;Verticale ed orizzontale;Sereno;Scarso;Sufficiente;Ore Diurne;0;0;0;2;12.55696;41.8995;-1;2;Autovettura privata;In marcia / fermata / arresto;Conducente;F;Illeso;0;;Utilizzato;Inesploso
2847638;17;06/06/2016 13:15;Strada Urbana;VIA S. TOMMASO D'AQUINO;in prossimità;;del civico n.;118;;Veicolo in marcia contro ostacolo fisso;Rettilineo;Una carreggiata a doppio senso;Asciutto;Asfaltata;Verticale ed orizzontale;Sereno;Normale;Buona;Ore Diurne;0;0;0;1;12.45055;41.9141;-1;1;Autovettura privata;In marcia / fermata / arresto;Conducente;M;Illeso;0;;;
2847649;16;05/06/2016 19:50;Strada Urbana;VIA DEL FONTANILE DI MEZZALUNA;da specificare;;;;in corrispondenza del fronte civico 321;Scontro frontale/laterale SX fra veicoli in marcia;Rettilineo;Una carreggiata a doppio senso;Asciutto;Asfaltata;Verticale ed orizzontale;Sereno;Normale;Buona;Ore Diurne;4;0;0;3;12.2552;41.89544;-1;1;Autovettura privata;In marcia / fermata / arresto;Conducente;F;Illeso;0;;Non accertato;Inesploso
2847649;16;05/06/2016 19:50;Strada Urbana;VIA DEL FONTANILE DI MEZZALUNA;da specificare;;;;in corrispondenza del fronte civico 321;Scontro frontale/laterale SX fra veicoli in marcia;Rettilineo;Una carreggiata a doppio senso;Asciutto;Asfaltata;Verticale ed orizzontale;Sereno;Normale;Buona;Ore Diurne;4;0;0;3;12.2552;41.89544;-1;1;Autovettura privata;In marcia / fermata / arresto;Passeggero;M;Illeso;0;;Non accertato;Esploso
2847649;16;05/06/2016 19:50;Strada Urbana;VIA DEL FONTANILE DI MEZZALUNA;da specificare;;;;in corrispondenza del fronte civico 321;Scontro frontale/laterale SX fra veicoli in marcia;Rettilineo;Una carreggiata a doppio senso;Asciutto;Asfaltata;Verticale ed orizzontale;Sereno;Normale;Buona;Ore Diurne;4;0;0;3;12.2552;41.89544;-1;1;Autovettura privata;In marcia / fermata / arresto;Passeggero;M;Illeso;0;;Non accertato;Inesploso
2847649;16;05/06/2016 19:50;Strada Urbana;VIA DEL FONTANILE DI MEZZALUNA;da specificare;;;;in corrispondenza del fronte civico 321;Scontro frontale/laterale SX fra veicoli in marcia;Rettilineo;Una carreggiata a doppio senso;Asciutto;Asfaltata;Verticale ed orizzontale;Sereno;Normale;Buona;Ore Diurne;4;0;0;3;12.2552;41.89544;-1;2;Autovettura privata;In marcia / fermata / arresto;Conducente;M;Rifiuta cure immediate;0;NON DECEDUTO;Non accertato;Esploso
2847649;16;05/06/2016 19:50;Strada Urbana;VIA DEL FONTANILE DI MEZZALUNA;da specificare;;;;in corrispondenza del fronte civico 321;Scontro frontale/laterale SX fra veicoli in marcia;Rettilineo;Una carreggiata a doppio senso;Asciutto;Asfaltata;Verticale ed orizzontale;Sereno;Normale;Buona;Ore Diurne;4;0;0;3;12.2552;41.89544;-1;2;Autovettura privata;In marcia / fermata / arresto;Passeggero;F;Rimandato;0;NON DECEDUTO;Non accertato;Inesploso
2847649;16;05/06/2016 19:50;Strada Urbana;VIA DEL FONTANILE DI MEZZALUNA;da specificare;;;;in corrispondenza del fronte civico 321;Scontro frontale/laterale SX fra veicoli in marcia;Rettilineo;Una carreggiata a doppio senso;Asciutto;Asfaltata;Verticale ed orizzontale;Sereno;Normale;Buona;Ore Diurne;4;0;0;3;12.2552;41.89544;-1;2;Autovettura privata;In marcia / fermata / arresto;Passeggero;M;Ricoverato;0;NON DECEDUTO;Non accertato;Inesploso
2847649;16;05/06/2016 19:50;Strada Urbana;VIA DEL FONTANILE DI MEZZALUNA;da specificare;;;;in corrispondenza del fronte civico 321;Scontro frontale/laterale SX fra veicoli in marcia;Rettilineo;Una carreggiata a doppio senso;Asciutto;Asfaltata;Verticale ed orizzontale;Sereno;Normale;Buona;Ore Diurne;4;0;0;3;12.2552;41.89544;-1;2;Autovettura privata;In marcia / fermata / arresto;Passeggero;M;Rimandato;0;NON DECEDUTO;Non accertato;Inesploso
2847673;1;06/06/2016 22:25;Strada Urbana;VIA CELIO VIBENNA;in corrispondenza;;del palo luce n.;13;;Veicolo in marcia contro veicolo fermo;Curva a visuale libera;Più di due carreggiate;Asciutto;Asfaltata;Verticale ed orizzontale;Sereno;Scarso;Buona;Insufficiente;0;0;0;2;12.49207;41.88928;-1;1;Autovettura privata;In marcia / fermata / arresto;Conducente;F;Illeso;0;;;
2847673;1;06/06/2016 22:25;Strada Urbana;VIA CELIO VIBENNA;in corrispondenza;;del palo luce n.;13;;Veicolo in marcia contro veicolo fermo;Curva a visuale libera;Più di due carreggiate;Asciutto;Asfaltata;Verticale ed orizzontale;Sereno;Scarso;Buona;Insufficiente;0;0;0;2;12.49207;41.88928;-1;2;Autovettura privata;In marcia / fermata / arresto;Conducente;M;Illeso;0;;;
2847674;12;06/06/2016 18:40;Strada Urbana;VIALE STEFANO GRADI;in prossimità;;del civico n.;180;;Veicolo in marcia contro veicolo arresto;Rettilineo;Due carreggiate;Asciutto;Asfaltata;Verticale ed orizzontale;Sereno;Normale;Buona;Ore Diurne;0;0;0;3;12.50495;41.82504;-1;1;Autovettura privata;In marcia / fermata / arresto;Conducente;F;Illeso;0;;Utilizzato;Inesploso
2847674;12;06/06/2016 18:40;Strada Urbana;VIALE STEFANO GRADI;in prossimità;;del civico n.;180;;Veicolo in marcia contro veicolo arresto;Rettilineo;Due carreggiate;Asciutto;Asfaltata;Verticale ed orizzontale;Sereno;Normale;Buona;Ore Diurne;0;0;0;3;12.50495;41.82504;-1;1;Autovettura privata;In marcia / fermata / arresto;Passeggero;F;Illeso;0;;Utilizzato;Inesploso
2847674;12;06/06/2016 18:40;Strada Urbana;VIALE STEFANO GRADI;in prossimità;;del civico n.;180;;Veicolo in marcia contro veicolo arresto;Rettilineo;Due carreggiate;Asciutto;Asfaltata;Verticale ed orizzontale;Sereno;Normale;Buona;Ore Diurne;0;0;0;3;12.50495;41.82504;-1;2;Autocarro inferiore 35 q.;In marcia / fermata / arresto;Conducente;M;Illeso;0;;Non accertato;Inesploso
2847695;5;07/06/2016 06:55;Strada Urbana;VIA RINALDO D'AQUINO;da specificare;;;;rotatoria direzione Palombarese;Infortunio per sola frenata improvvisa;Rotatoria;Una carreggiata a senso unico di marcia;Asciutto;Asfaltata;Verticale ed orizzontale;Sereno;Normale;Buona;Ore Diurne;1;0;0;0;12.61313;41.97013;-1;1;Motociclo a solo;In marcia / fermata / arresto;Conducente;M;Rimandato;0;NON DECEDUTO;Non accertato;