Protocollo;Gruppo;DataOraIncidente;Localizzazione1;STRADA1;Localizzazione2;STRADA2;Strada02;Chilometrica;DaSpecificare;NaturaIncidente;particolaritastrade;TipoStrada;FondoStradale;Pavimentazione;Segnaletica;CondizioneAtmosferica;Traffico;Visibilita;Illuminazione;NUM_FERITI;NUM_RISERVATA;NUM_MORTI;NUM_ILLESI;Longitudine;Latitudine;Confermato;Progressivo;TipoVeicolo;StatoVeicolo;TipoPersona;Sesso;Tipolesione;Deceduto;DecedutoDopo;CinturaCascoUtilizzato;Airbag
2852309;20;09/06/2016 21:15;Strada Urbana;VIALE DI TOR DI QUINTO;in corrispondenza;;del civico n.;39;;Tamponamento;Rettilineo;Una carreggiata a doppio senso;Asciutto;Asfaltata;Verticale ed orizzontale;Nuvoloso;Normale;Buona;Sufficiente;1;0;0;1;12.47366;41.93746;-1;2;Motociclo a solo;In marcia / fermata / arresto;Conducente;M;Rimandato;0;NON DECEDUTO;;
2852311;19;09/06/2016 08:00;Strada Urbana;VIA DI S. CLETO PAPA;all'intersezione con;VIA ALESSANDRO VII;VIA ALESSANDRO VII;;;Scontro laterale fra veicoli in marcia;Incrocio;Una carreggiata a doppio senso;Asciutto;Asfaltata;Orizzontale;Nuvoloso;Normale;Buona;Ore Diurne;0;0;0;2;12.42294;41.92261;-1;1;Motociclo a solo;In marcia / fermata / arresto;Conducente;M;Illeso;0;;Non accertato;
2852311;19;09/06/2016 08:00;Strada Urbana;VIA DI S. CLETO PAPA;all'intersezione con;VIA ALESSANDRO VII;VIA ALESSANDRO VII;;;Scontro laterale fra veicoli in marcia;Incrocio;Una carreggiata a doppio senso;Asciutto;Asfaltata;Orizzontale;Nuvoloso;Normale;Buona;Ore Diurne;0;0;0;2;12.42294;41.92261;-1;2;Autovettura privata;In marcia / fermata / arresto;Conducente;F;Illeso;0;;Non accertato;Inesploso
2852312;7;09/06/2016 18:00;Strada Urbana;VIA PAPIRIA;in prossimità;;del civico n.;104;;Scontro laterale fra veicoli in marcia;Rettilineo;Una carreggiata a doppio senso;Asciutto;Asfaltata;Orizzontale;Nuvoloso;Intenso;Buona;Ore Diurne;2;0;0;1;12.56287;41.86304;-1;1;Motociclo con passeggero;In marcia / fermata / arresto;Passeggero;F;Rimandato;0;NON DECEDUTO;Non accertato;
2852312;7;09/06/2016 18:00;Strada Urbana;VIA PAPIRIA;in prossimità;;del civico n.;104;;Scontro laterale fra veicoli in marcia;Rettilineo;Una carreggiata a doppio senso;Asciutto;Asfaltata;Orizzontale;Nuvoloso;Intenso;Buona;Ore Diurne;2;0;0;1;12.56287;41.86304;-1;1;Motociclo con passeggero;In marcia / fermata / arresto;Conducente;M;Rifiuta cure immediate;0;NON DECEDUTO;Non accertato;
2852312;7;09/06/2016 18:00;Strada Urbana;VIA PAPIRIA;in prossimità;;del civico n.;104;;Scontro laterale fra veicoli in marcia;Rettilineo;Una carreggiata a doppio senso;Asciutto;Asfaltata;Orizzontale;Nuvoloso;Intenso;Buona;Ore Diurne;2;0;0;1;12.56287;41.86304;-1;2;Autovettura privata;In marcia / fermata / arresto;Conducente;M;Illeso;0;;Non accertato;Inesploso
2852314;3;09/06/2016 10:45;Strada Urbana;CIRCONVALLAZIONE TIBURTINA;da specificare;;;;dir. Salaria 200 mt prima uscita L.go Passamonti;Scontro frontale/laterale SX fra veicoli in marcia;Rettilineo;Una carreggiata a doppio senso;Bagnato (pioggia);Asfaltata;Verticale ed orizzontale;Pioggia in atto;Normale;Buona;Ore Diurne;0;0;0;2;12.51851;41.8957;-1;1;Autovettura privata;In marcia / fermata / arresto;Conducente;M;Illeso;0;;;
2852314;3;09/06/2016 10:45;Strada Urbana;CIRCONVALLAZIONE TIBURTINA;da specificare;;;;dir. Salaria 200 mt prima uscita L.go Passamonti;Scontro frontale/laterale SX fra veicoli in marcia;Rettilineo;Una carreggiata a doppio senso;Bagnato (pioggia);Asfaltata;Verticale ed orizzontale;Pioggia in atto;Normale;Buona;Ore Diurne;0;0;0;2;12.51851;41.8957;-1;2;Autovettura privata;In marcia / fermata / arresto;Conducente;F;Illeso;0;;;
2852315;1;09/06/2016 10:15;Strada Urbana;VIA CELIO VIBENNA;da specificare;;;;altezza scalette;Infortunio per sola frenata improvvisa;Curva a visuale libera;Due carreggiate;Bagnato (pioggia);Asfaltata;Verticale ed orizzontale;Pioggia in atto;Normale;Buona;Ore Diurne;1;0;0;0;12.49176;41.88918;-1;1;Motociclo a solo;In marcia / fermata / arresto;Conducente;F;Rimandato;0;NON DECEDUTO;Non accertato;
2852319;1;08/06/2016 08:30;Strada Urbana;VIA MERULANA;in corrispondenza;;del civico n.;6;;Veicolo in marcia contro veicolo in sosta;Rettilineo;Una carreggiata a doppio senso;Asciutto;Asfaltata;Verticale ed orizzontale;Sereno;Normale;Buona;Ore Diurne;0;0;0;1;12.49953;41.89653;-1;1;Autovettura privata;In marcia / fermata / arresto;Conducente;F;Illeso;0;;Non accertato;Inesploso
2852341;12;09/06/2016 07:20;Strada Urbana;VIA DI TRIGORIA;da specificare;;;;dir. Pontina 100 mt prima civ. 324;Veicolo in marcia contro ostacolo accidentale;Rettilineo;Una carreggiata a doppio senso;Asciutto;Asfaltata;Verticale;Nuvoloso;Scarso;Buona;Ore Diurne;0;0;0;1;12.47911;41.76989;-1;1;Autovettura privata;In marcia / fermata / arresto;Conducente;M;Illeso;0;;Utilizzato;Inesploso
2852354;3;09/06/2016 17:20;Strada Urbana;VIALE PIERO GOBETTI;in prossimità;;del civico n.;3;;Scontro frontale/laterale SX fra veicoli in marcia;Rettilineo;Una carreggiata a doppio senso;Asciutto;Asfaltata;Verticale ed orizzontale;Nuvoloso;Normale;Buona;Ore Diurne;0;0;0;2;12.51021;41.90174;-1;1;Autovettura privata;In marcia / fermata / arresto;Conducente;M;Illeso;0;;Non accertato;Inesploso
2852354;3;09/06/2016 17:20;Strada Urbana;VIALE PIERO GOBETTI;in prossimità;;del civico n.;3;;Scontro frontale/laterale SX fra veicoli in marcia;Rettilineo;Una carreggiata a doppio senso;Asciutto;Asfaltata;Verticale ed orizzontale;Nuvoloso;Normale;Buona;Ore Diurne;0;0;0;2;12.51021;41.90174;-1;2;Autovettura privata;In marcia / fermata / arresto;Conducente;M;Illeso;0;;Non accertato;Inesploso
2852373;19;09/06/2016 18:50;Strada Urbana;VIA UGO DE CAROLIS;in prossimità;;del civico n.;88b;;Veicolo in marcia contro veicolo in sosta;Rettilineo;Una carreggiata a doppio senso;Asciutto;Asfaltata;Assente;Sereno;Normale;Buona;Ore Diurne;0;0;0;1;12.43949;41.91674;-1;1;Autovettura privata;In marcia / fermata / arresto;Conducente;M;Illeso;0;;Non accertato;Inesploso
2852374;4;09/06/2016 09:30;Strada Urbana;VIA VITTORIO MEZZOGIORNO;da specificare;;;;altezza via M. Castellani;Scontro laterale fra veicoli in marcia;Rettilineo;Una carreggiata a doppio senso;Bagnato (pioggia);Lastricata;Verticale ed orizzontale;Pioggia in atto;Scarso;Buona;Ore Diurne;0;0;0;2;12.53164;41.97425;-1;1;Autovettura privata;In marcia / fermata / arresto;Conducente;F;Illeso;0;;Non accertato;Inesploso
2852374;4;09/06/2016 09:30;Strada Urbana;VIA VITTORIO MEZZOGIORNO;da specificare;;;;altezza via M. Castellani;Scontro laterale fra veicoli in marcia;Rettilineo;Una carreggiata a doppio senso;Bagnato (pioggia);Lastricata;Verticale ed orizzontale;Pioggia in atto;Scarso;Buona;Ore Diurne;0;0;0;2;12.53164;41.97425;-1;2;Autovettura privata;In marcia / fermata / arresto;Conducente;M;Illeso;0;;Non accertato;Inesploso
2852391;9;10/06/2016 09:30;Strada Urbana;PIAZZALE APPIO;da specificare;;;;FRONTE CIVICO 7 (CARREGGIATA CENTRALE);Scontro laterale fra veicoli in marcia;Rettilineo;Più di due carreggiate;Asciutto;Asfaltata;Verticale ed orizzontale;Sereno;Normale;Buona;Ore Diurne;0;0;0;2;12.50948;41.88549;-1;1;Autocarro superiore 35 q.;In marcia / fermata / arresto;Conducente;M;Illeso;0;;Utilizzato;Inesploso
2852391;9;10/06/2016 09:30;Strada Urbana;PIAZZALE APPIO;da specificare;;;;FRONTE CIVICO 7 (CARREGGIATA CENTRALE);Scontro laterale fra veicoli in marcia;Rettilineo;Più di due carreggiate;Asciutto;Asfaltata;Verticale ed orizzontale;Sereno;Normale;Buona;Ore Diurne;0;0;0;2;12.50948;41.88549;-1;2;Autovettura privata;In marcia / fermata / arresto;Conducente;M;Illeso;0;;Utilizzato;Inesploso
2852425;10;10/06/2016 09:00;Strada Urbana;VIA CAIO CANULEIO;in prossimità;;del civico n.;6;;Veicolo in marcia contro veicolo in sosta;Rettilineo;Una carreggiata a senso unico di marcia;Asciutto;Asfaltata;Assente;Sereno;Scarso;Buona;Ore Diurne;0;0;0;1;12.55997;41.85346;-1;1;Autovettura privata;In marcia / fermata / arresto;Conducente;F;Illeso;0;;Non accertato;Inesploso
2852428;4;09/06/2016 11:00;Strada Urbana;VIA SALARIA;in prossimità;;del civico n.;1021;;Tamponamento Multiplo;Rettilineo;Due carreggiate;Bagnato (pioggia);Asfaltata;Orizzontale;Pioggia in atto;Normale;Buona;Ore Diurne;2;0;0;2;12.50525;41.97089;-1;1;Veicolo speciale;In marcia / fermata / arresto;Conducente;M;Illeso;0;;Non accertato;
2852428;4;09/06/2016 11:00;Strada Urbana;VIA SALARIA;in prossimità;;del civico n.;1021;;Tamponamento Multiplo;Rettilineo;Due carreggiate;Bagnato (pioggia);Asfaltata;Orizzontale;Pioggia in atto;Normale;Buona;Ore Diurne;2;0;0;2;12.50525;41.97089;-1;2;Autovettura privata;In marcia / fermata / arresto;Conducente;F;Rimandato;0;NON DECEDUTO;Non accertato;
2852428;4;09/06/2016 11:00;Strada Urbana;VIA SALARIA;in prossimità;;del civico n.;1021;;Tamponamento Multiplo;Rettilineo;Due carreggiate;Bagnato (pioggia);Asfaltata;Orizzontale;Pioggia in atto;Normale;Buona;Ore Diurne;2;0;0;2;12.50525;41.97089;-1;2;Autovettura privata;In marcia / fermata / arresto;Passeggero;F;Rimandato;0;NON DECEDUTO;Non accertato;
2852428;4;09/06/2016 11:00;Strada Urbana;VIA SALARIA;in prossimità;;del civico n.;1021;;Tamponamento Multiplo;Rettilineo;Due carreggiate;Bagnato (pioggia);Asfaltata;Orizzontale;Pioggia in atto;Normale;Buona;Ore Diurne;2;0;0;2;12.50525;41.97089;-1;3;Autovettura privata;In marcia / fermata / arresto;Conducente;M;Illeso;0;;Non accertato;
2852439;1;10/06/2016 08:40;Strada Urbana;LUNGOTEVERE TESTACCIO;da specificare;;;;all'altezza della fermata atac di cui al civico 9;Scontro laterale fra veicoli in marcia;Rettilineo;Una carreggiata a doppio senso;Asciutto;Asfaltata;Verticale;Nuvoloso;Normale;Buona;Ore Diurne;0;0;0;3;12.47478;41.88214;-1;1;Autovettura privata;In marcia / fermata / arresto;Conducente;M;Illeso;0;;Non accertato;Inesploso
2852439;1;10/06/2016 08:40;Strada Urbana;LUNGOTEVERE TESTACCIO;da specificare;;;;all'altezza della fermata atac di cui al civico 9;Scontro laterale fra veicoli in marcia;Rettilineo;Una carreggiata a doppio senso;Asciutto;Asfaltata;Verticale;Nuvoloso;Normale;Buona;Ore Diurne;0;0;0;3;12.47478;41.88214;-1;1;Autovettura privata;In marcia / fermata / arresto;Passeggero;M;Illeso;0;;Non accertato;Inesploso
2852439;1;10/06/2016 08:40;Strada Urbana;LUNGOTEVERE TESTACCIO;da specificare;;;;all'altezza della fermata atac di cui al civico 9;Scontro laterale fra veicoli in marcia;Rettilineo;Una carreggiata a doppio senso;Asciutto;Asfaltata;Verticale;Nuvoloso;Normale;Buona;Ore Diurne;0;0;0;3;12.47478;41.88214;-1;2;Ciclomotore;In marcia / fermata / arresto;Conducente;F;Illeso;0;;Non accertato;
2852443;17;10/06/2016 09:45;Strada Urbana;VIA SILVIO PELLICO;da specificare;;;;fronte civico 3;Scontro laterale fra veicoli in marcia;Rettilineo;Una carreggiata a senso unico di marcia;Asciutto;Asfaltata;Verticale ed orizzontale;Sereno;Normale;Buona;Ore Diurne;0;0;0;2;12.4599;41.91261;-1;1;Autovettura privata;In marcia / fermata / arresto;Conducente;M;Illeso;0;;;
2852443;17;10/06/2016 09:45;Strada Urbana;VIA SILVIO PELLICO;da specificare;;;;fronte civico 3;Scontro laterale fra veicoli in marcia;Rettilineo;Una carreggiata a senso unico di marcia;Asciutto;Asfaltata;Verticale ed orizzontale;Sereno;Normale;Buona;Ore Diurne;0;0;0;2;12.4599;41.91261;-1;2;Autovettura privata;In marcia / fermata / arresto;Conducente;M;Illeso;0;;;
2852454;19;09/06/2016 18:00;Strada Urbana;VIA UGO DE CAROLIS;in prossimità;;del civico n.;78b;;Veicolo in marcia contro veicoli in sosta;Rettilineo;Una carreggiata a doppio senso;Asciutto;Asfaltata;Orizzontale;Nuvoloso;Normale;Buona;Ore Diurne;0;0;0;1;12.4398;41.91599;-1;1;Autovettura privata;In marcia / fermata / arresto;Conducente;M;Illeso;0;;;
2852459;4;09/06/2016 12:10;Statale;VIA SALARIA;in prossimità;;del civico n.;1311;;Tamponamento;Rettilineo;Due carreggiate;Bagnato (umidità in atto);Asfaltata;Verticale;Nuvoloso;Normale;Buona;Ore Diurne;0;0;0;3;12.51656;42.00646;-1;1;Autovettura privata;In marcia / fermata / arresto;Conducente;M;Illeso;0;;Non accertato;Inesploso
2852459;4;09/06/2016 12:10;Statale;VIA SALARIA;in prossimità;;del civico n.;1311;;Tamponamento;Rettilineo;Due carreggiate;Bagnato (umidità in atto);Asfaltata;Verticale;Nuvoloso;Normale;Buona;Ore Diurne;0;0;0;3;12.51656;42.00646;-1;1;Autovettura privata;In marcia / fermata / arresto;Passeggero;M;Illeso;0;;Non accertato;Inesploso
2852459;4;09/06/2016 12:10;Statale;VIA SALARIA;in prossimità;;del civico n.;1311;;Tamponamento;Rettilineo;Due carreggiate;Bagnato (umidità in atto);Asfaltata;Verticale;Nuvoloso;Normale;Buona;Ore Diurne;0;0;0;3;12.51656;42.00646;-1;2;Autocarro inferiore 35 q.;In marcia / fermata / arresto;Conducente;M;Illeso;0;;Non accertato;Inesploso
2852483;4;09/06/2016 16:30;Provinciale;VIA NOMENTANA;da specificare;;;;prossimità fronte via Poggio Fiorito;Scontro laterale fra veicoli in marcia;Rettilineo;Una carreggiata a doppio senso;Asciutto;Asfaltata;Verticale ed orizzontale;Sereno;Normale;Buona;Ore Diurne;0;0;0;2;12.6134;41.97283;-1;1;Autovettura privata;In marcia / fermata / arresto;Conducente;M;Illeso;0;;Non accertato;Inesploso
2852483;4;09/06/2016 16:30;Provinciale;VIA NOMENTANA;da specificare;;;;prossimità fronte via Poggio Fiorito;Scontro laterale fra veicoli in marcia;Rettilineo;Una carreggiata a doppio senso;Asciutto;Asfaltata;Verticale ed orizzontale;Sereno;Normale;Buona;Ore Diurne;0;0;0;2;12.6134;41.97283;-1;2;Autovettura privata;In marcia / fermata / arresto;Conducente;M;Illeso;0;;Non accertato;Esploso
2852487;4;09/06/2016 15:05;Strada Urbana;VIA VAL D'OSSOLA;all'intersezione con;VIA VALDINIEVOLE;VIA VALDINIEVOLE;;;Scontro frontale/laterale SX fra veicoli in marcia;Intersezione stradale segnalata;Due carreggiate;Asciutto;Asfaltata;Verticale;Nuvoloso;Normale;Buona;Ore Diurne;0;0;0;2;12.52877;41.93518;-1;1;Autovettura privata;In marcia / fermata / arresto;Conducente;M;Illeso;0;;Non accertato;
2852487;4;09/06/2016 15:05;Strada Urbana;VIA VAL D'OSSOLA;all'intersezione con;VIA VALDINIEVOLE;VIA VALDINIEVOLE;;;Scontro frontale/laterale SX fra veicoli in marcia;Intersezione stradale segnalata;Due carreggiate;Asciutto;Asfaltata;Verticale;Nuvoloso;Normale;Buona;Ore Diurne;0;0;0;2;12.52877;41.93518;-1;2;Autovettura privata;In marcia / fermata / arresto;Conducente;F;Illeso;0;;Non accertato;
2852513;4;09/06/2016 19:00;Provinciale entro l'abitato;VIA NOMENTANA;all'intersezione con;VIA GIANGIORGIO TRISSINO;VIA GIANGIORGIO TRISSINO;;;Scontro frontale/laterale DX fra veicoli in marcia;Intersezione non regolata/non segnalata;Una carreggiata a doppio senso;Bagnato (umidità in atto);Asfaltata;Verticale ed orizzontale;Nuvoloso;Normale;Buona;Ore Diurne;0;0;0;3;12.55238;41.94111;-1;1;Autovettura privata;In marcia / fermata / arresto;Conducente;M;Illeso;0;;Non accertato;Inesploso
2852513;4;09/06/2016 19:00;Provinciale entro l'abitato;VIA NOMENTANA;all'intersezione con;VIA GIANGIORGIO TRISSINO;VIA GIANGIORGIO TRISSINO;;;Scontro frontale/laterale DX fra veicoli in marcia;Intersezione non regolata/non segnalata;Una carreggiata a doppio senso;Bagnato (umidità in atto);Asfaltata;Verticale ed orizzontale;Nuvoloso;Normale;Buona;Ore Diurne;0;0;0;3;12.55238;41.94111;-1;2;Autovettura privata;In marcia / fermata / arresto;Conducente;M;Illeso;0;;Non accertato;Inesploso
2852513;4;09/06/2016 19:00;Provinciale entro l'abitato;VIA NOMENTANA;all'intersezione con;VIA GIANGIORGIO TRISSINO;VIA GIANGIORGIO TRISSINO;;;Scontro frontale/laterale DX fra veicoli in marcia;Intersezione non regolata/non segnalata;Una carreggiata a doppio senso;Bagnato (umidità in atto);Asfaltata;Verticale ed orizzontale;Nuvoloso;Normale;Buona;Ore Diurne;0;0;0;3;12.55238;41.94111;-1;2;Autovettura privata;In marcia / fermata / arresto;Passeggero;M;Illeso;0;;Non accertato;
2852556;4;09/06/2016 16:45;Provinciale entro l'abitato;VIA NOMENTANA;da specificare;;;;prossimità via Zanardini;Scontro laterale fra veicoli in marcia;Rettilineo;Una carreggiata a doppio senso;Asciutto;Asfaltata;Orizzontale;Nuvoloso;Intenso;Buona;Ore Diurne;0;0;0;4;12.55238;41.94111;-1;1;Autovettura privata;In marcia / fermata / arresto;Conducente;F;Illeso;0;;Non accertato;Inesploso
2852556;4;09/06/2016 16:45;Provinciale entro l'abitato;VIA NOMENTANA;da specificare;;;;prossimità via Zanardini;Scontro laterale fra veicoli in marcia;Rettilineo;Una carreggiata a doppio senso;Asciutto;Asfaltata;Orizzontale;Nuvoloso;Intenso;Buona;Ore Diurne;0;0;0;4;12.55238;41.94111;-1;1;Autovettura privata;In marcia / fermata / arresto;Passeggero;M;Illeso;0;;;
2852556;4;09/06/2016 16:45;Provinciale entro l'abitato;VIA NOMENTANA;da specificare;;;;prossimità via Zanardini;Scontro laterale fra veicoli in marcia;Rettilineo;Una carreggiata a doppio senso;Asciutto;Asfaltata;Orizzontale;Nuvoloso;Intenso;Buona;Ore Diurne;0;0;0;4;12.55238;41.94111;-1;2;Autovettura privata;In marcia / fermata / arresto;Conducente;M;Illeso;0;;Non accertato;Inesploso
2852556;4;09/06/2016 16:45;Provinciale entro l'abitato;VIA NOMENTANA;da specificare;;;;prossimità via Zanardini;Scontro laterale fra veicoli in marcia;Rettilineo;Una carreggiata a doppio senso;Asciutto;Asfaltata;Orizzontale;Nuvoloso;Intenso;Buona;Ore Diurne;0;0;0;4;12.55238;41.94111;-1;2;Autovettura privata;In marcia / fermata / arresto;Passeggero;M;Illeso;0;;;
2852608;2;09/06/2016 16:20;Strada Urbana;VIA GREGORIO ALLEGRI;all'intersezione con;VIA JACOPO PERI;VIA JACOPO PERI;;;Scontro laterale fra veicoli in marcia;Intersezione non regolata/non segnalata;Una carreggiata a senso unico di marcia;Bagnato (umidità in atto);Asfaltata;Verticale;Nuvoloso;Normale;Buona;Ore Diurne;0;0;0;2;12.49467;41.91514;-1;1;Autovettura privata;In marcia / fermata / arresto;Conducente;F;Illeso;0;;Non accertato;Inesploso
2852608;2;09/06/2016 16:20;Strada Urbana;VIA GREGORIO ALLEGRI;all'intersezione con;VIA JACOPO PERI;VIA JACOPO PERI;;;Scontro laterale fra veicoli in marcia;Intersezione non regolata/non segnalata;Una carreggiata a senso unico di marcia;Bagnato (umidità in atto);Asfaltata;Verticale;Nuvoloso;Normale;Buona;Ore Diurne;0;0;0;2;12.49467;41.91514;-1;2;Motociclo a solo;In marcia / fermata / arresto;Conducente;M;Illeso;0;;Non accertato;
2852611;18;10/06/2016 07:45;Strada Urbana;VIA MATTIA BATTISTINI;all'intersezione semaforizzata con;VIA DEI MONTI DI PRIMAVALLE;VIA DEI MONTI DI PRIMAVALLE;;;Investimento di pedone;Intersezione semaforizzata;Una carreggiata a doppio senso;Asciutto;Asfaltata;Verticale ed orizzontale;Sereno;Normale;Buona;Ore Diurne;1;0;0;3;12.41843;41.91385;-1;;;;Pedone;F;Rimandato;0;NON DECEDUTO;;
2852611;18;10/06/2016 07:45;Strada Urbana;VIA MATTIA BATTISTINI;all'intersezione semaforizzata con;VIA DEI MONTI DI PRIMAVALLE;VIA DEI MONTI DI PRIMAVALLE;;;Investimento di pedone;Intersezione semaforizzata;Una carreggiata a doppio senso;Asciutto;Asfaltata;Verticale ed orizzontale;Sereno;Normale;Buona;Ore Diurne;1;0;0;3;12.41843;41.91385;-1;1;Autovettura privata;In marcia / fermata / arresto;Conducente;M;Illeso;0;;Non accertato;Inesistente
2852611;18;10/06/2016 07:45;Strada Urbana;VIA MATTIA BATTISTINI;all'intersezione semaforizzata con;VIA DEI MONTI DI PRIMAVALLE;VIA DEI MONTI DI PRIMAVALLE;;;Investimento di pedone;Intersezione semaforizzata;Una carreggiata a doppio senso;Asciutto;Asfaltata;Verticale ed orizzontale;Sereno;Normale;Buona;Ore Diurne;1;0;0;3;12.41843;41.91385;-1;1;Autovettura privata;In marcia / fermata / arresto;Passeggero;M;Illeso;0;;Non accertato;Inesploso
2852611;18;10/06/2016 07:45;Strada Urbana;VIA MATTIA BATTISTINI;all'intersezione semaforizzata con;VIA DEI MONTI DI PRIMAVALLE;VIA DEI MONTI DI PRIMAVALLE;;;Investimento di pedone;Intersezione semaforizzata;Una carreggiata a doppio senso;Asciutto;Asfaltata;Verticale ed orizzontale;Sereno;Normale;Buona;Ore Diurne;1;0;0;3;12.41843;41.91385;-1;1;Autovettura privata;In marcia / fermata / arresto;Passeggero;F;Illeso;0;;Non accertato;Inesistente
2852612;1;10/06/2016 11:30;Strada Urbana;VIA DI PORTA MAGGIORE;in corrispondenza;;del civico n.;23;;Scontro laterale fra veicoli in marcia;Rettilineo;Più di due carreggiate;Asciutto;Asfaltata;Verticale ed orizzontale;Nuvoloso;Normale;Buona;Ore Diurne;1;0;0;1;12.51059;41.89302;-1;1;Autocarro inferiore 35 q.;In marcia / fermata / arresto;Conducente;M;Illeso;0;;;
2852612;1;10/06/2016 11:30;Strada Urbana;VIA DI PORTA MAGGIORE;in corrispondenza;;del civico n.;23;;Scontro laterale fra veicoli in marcia;Rettilineo;Più di due carreggiate;Asciutto;Asfaltata;Verticale ed orizzontale;Nuvoloso;Normale;Buona;Ore Diurne;1;0;0;1;12.51059;41.89302;-1;2;Motociclo a solo;In marcia / fermata / arresto;Conducente;F;Rimandato;0;NON DECEDUTO;Non accertato;
2852613;2;10/06/2016 02:00;Strada Urbana;PIAZZA SANTIAGO DEL CILE;da specificare;;;;fronte via Lagrange;Infortunio per sola frenata improvvisa;Rettilineo;Una carreggiata a senso unico di marcia;Asciutto;Asfaltata;Orizzontale;Sereno;Scarso;Sufficiente;Sufficiente;1;0;0;0;12.48669;41.92583;-1;1;Motociclo a solo;In marcia / fermata / arresto;Conducente;M;Rimandato;0;NON DECEDUTO;;
2852623;2;09/06/2016 16:20;Strada Urbana;VIA PANAMA;in corrispondenza;;del civico n.;100;;Scontro laterale fra veicoli in marcia;Pendenza;Una carreggiata a doppio senso;Asciutto;Asfaltata;Verticale ed orizzontale;Nuvoloso;Normale;Buona;Ore Diurne;0;0;0;2;12.49972;41.92396;-1;1;Autovettura privata;In marcia / fermata / arresto;Conducente;M;Illeso;0;;;
2852623;2;09/06/2016 16:20;Strada Urbana;VIA PANAMA;in corrispondenza;;del civico n.;100;;Scontro laterale fra veicoli in marcia;Pendenza;Una carreggiata a doppio senso;Asciutto;Asfaltata;Verticale ed orizzontale;Nuvoloso;Normale;Buona;Ore Diurne;0;0;0;2;12.49972;41.92396;-1;2;Autocarro inferiore 35 q.;In marcia / fermata / arresto;Conducente;M;Illeso;0;;;
2852626;4;09/06/2016 19:30;Strada Urbana;PIAZZA CONCA D'ORO;in prossimità;;del civico n.;8;;Veicolo in marcia contro veicolo fermo;Rettilineo;Una carreggiata a senso unico di marcia;Asciutto;Asfaltata;Verticale ed orizzontale;Sereno;Normale;Sufficiente;Ore Diurne;0;0;0;4;12.5268;41.93922;-1;1;Autovettura privata;In marcia / fermata / arresto;Conducente;M;Illeso;0;;Non accertato;
2852626;4;09/06/2016 19:30;Strada Urbana;PIAZZA CONCA D'ORO;in prossimità;;del civico n.;8;;Veicolo in marcia contro veicolo fermo;Rettilineo;Una carreggiata a senso unico di marcia;Asciutto;Asfaltata;Verticale ed orizzontale;Sereno;Normale;Sufficiente;Ore Diurne;0;0;0;4;12.5268;41.93922;-1;1;Autovettura privata;In marcia / fermata / arresto;Passeggero;F;Illeso;0;;Non accertato;
2852626;4;09/06/2016 19:30;Strada Urbana;PIAZZA CONCA D'ORO;in prossimità;;del civico n.;8;;Veicolo in marcia contro veicolo fermo;Rettilineo;Una carreggiata a senso unico di marcia;Asciutto;Asfaltata;Verticale ed orizzontale;Sereno;Normale;Sufficiente;Ore Diurne;0;0;0;4;12.5268;41.93922;-1;2;Autovettura privata;In marcia / fermata / arresto;Conducente;M;Illeso;0;;Non accertato;
2852626;4;09/06/2016 19:30;Strada Urbana;PIAZZA CONCA D'ORO;in prossimità;;del civico n.;8;;Veicolo in marcia contro veicolo fermo;Rettilineo;Una carreggiata a senso unico di marcia;Asciutto;Asfaltata;Verticale ed orizzontale;Sereno;Normale;Sufficiente;Ore Diurne;0;0;0;4;12.5268;41.93922;-1;2;Autovettura privata;In marcia / fermata / arresto;Passeggero;M;Illeso;0;;Non accertato;
2852632;9;10/06/2016 11:20;Strada Urbana;VIA RAFFAELE DE CESARE;in prossimità;;del civico n.;71;;Investimento di pedone;Rettilineo;Una carreggiata a senso unico di marcia;Asciutto;Asfaltata;Verticale ed orizzontale;Sereno;Normale;Buona;Ore Diurne;1;0;0;1;12.52105;41.87223;-1;;;;Pedone;M;Rimandato;0;NON DECEDUTO;;
2852632;9;10/06/2016 11:20;Strada Urbana;VIA RAFFAELE DE CESARE;in prossimità;;del civico n.;71;;Investimento di pedone;Rettilineo;Una carreggiata a senso unico di marcia;Asciutto;Asfaltata;Verticale ed orizzontale;Sereno;Normale;Buona;Ore Diurne;1;0;0;1;12.52105;41.87223;-1;1;Autovettura privata;In marcia / fermata / arresto;Conducente;M;Illeso;0;;Utilizzato;Inesploso
2852633;6;10/06/2016 09:50;Provinciale;VIA ERASMO GATTAMELATA;all'intersezione con;VIA LUCHINO DAL VERME;VIA LUCHINO DAL VERME;;;Scontro frontale/laterale SX fra veicoli in marcia;Incrocio;Una carreggiata a senso unico di marcia;Asciutto;Asfaltata;Verticale ed orizzontale;Sereno;Normale;Buona;Ore Diurne;0;0;0;2;12.53657;41.88871;-1;1;Autovettura privata;In marcia / fermata / arresto;Conducente;F;Illeso;0;;Non accertato;Inesploso