Protocollo;Gruppo;DataOraIncidente;Localizzazione1;STRADA1;Localizzazione2;STRADA2;Strada02;Chilometrica;DaSpecificare;NaturaIncidente;particolaritastrade;TipoStrada;FondoStradale;Pavimentazione;Segnaletica;CondizioneAtmosferica;Traffico;Visibilita;Illuminazione;NUM_FERITI;NUM_RISERVATA;NUM_MORTI;NUM_ILLESI;Longitudine;Latitudine;Confermato;Progressivo;TipoVeicolo;StatoVeicolo;TipoPersona;Sesso;Tipolesione;Deceduto;DecedutoDopo;CinturaCascoUtilizzato;Airbag
2862205;2;17/06/2016 00:25;Strada Urbana;VIALE DELLO SCALO S. LORENZO;in prossimità;;del civico n.;40;;Scontro laterale fra veicoli in marcia;Rettilineo;Più di due carreggiate;Asciutto;Asfaltata;Assente;Sereno;Normale;Buona;Sufficiente;0;0;0;2;12.51826;41.89531;-1;1;Autocarro inferiore 35 q.;In marcia / fermata / arresto;Conducente;M;Illeso;0;;Non accertato;Inesploso
2862205;2;17/06/2016 00:25;Strada Urbana;VIALE DELLO SCALO S. LORENZO;in prossimità;;del civico n.;40;;Scontro laterale fra veicoli in marcia;Rettilineo;Più di due carreggiate;Asciutto;Asfaltata;Assente;Sereno;Normale;Buona;Sufficiente;0;0;0;2;12.51826;41.89531;-1;2;Autovettura privata;In marcia / fermata / arresto;Conducente;F;Illeso;0;;Non accertato;Inesploso
2862206;1;16/06/2016 19:30;Strada Urbana;VIA DEL PLEBISCITO;in prossimità;;del civico n.;166;;Scontro laterale fra veicoli in marcia;Rettilineo;Una carreggiata a senso unico di marcia;Asciutto;Asfaltata;Verticale ed orizzontale;Sereno;Intenso;Buona;Ore Diurne;0;0;0;2;12.48013;41.89621;-1;1;Autovettura privata;In marcia / fermata / arresto;Conducente;M;Illeso;0;;;
2862206;1;16/06/2016 19:30;Strada Urbana;VIA DEL PLEBISCITO;in prossimità;;del civico n.;166;;Scontro laterale fra veicoli in marcia;Rettilineo;Una carreggiata a senso unico di marcia;Asciutto;Asfaltata;Verticale ed orizzontale;Sereno;Intenso;Buona;Ore Diurne;0;0;0;2;12.48013;41.89621;-1;2;Autobus turistico;In marcia / fermata / arresto;Conducente;M;Illeso;0;;;
2862209;12;16/06/2016 17:00;Strada Urbana;VIALE DELL'ARTE;da specificare;;;;altezza civ. 81;Tamponamento;Rettilineo;Una carreggiata a doppio senso;Asciutto;Asfaltata;Verticale ed orizzontale;Nuvoloso;Intenso;Buona;Ore Diurne;0;0;0;3;12.47442;41.82979;-1;1;Autovettura privata;In marcia / fermata / arresto;Conducente;F;Illeso;0;;Utilizzato;Inesploso
2862209;12;16/06/2016 17:00;Strada Urbana;VIALE DELL'ARTE;da specificare;;;;altezza civ. 81;Tamponamento;Rettilineo;Una carreggiata a doppio senso;Asciutto;Asfaltata;Verticale ed orizzontale;Nuvoloso;Intenso;Buona;Ore Diurne;0;0;0;3;12.47442;41.82979;-1;2;Autovettura privata;In marcia / fermata / arresto;Conducente;M;Illeso;0;;Utilizzato;Inesploso
2862209;12;16/06/2016 17:00;Strada Urbana;VIALE DELL'ARTE;da specificare;;;;altezza civ. 81;Tamponamento;Rettilineo;Una carreggiata a doppio senso;Asciutto;Asfaltata;Verticale ed orizzontale;Nuvoloso;Intenso;Buona;Ore Diurne;0;0;0;3;12.47442;41.82979;-1;2;Autovettura privata;In marcia / fermata / arresto;Passeggero;M;Illeso;0;;Utilizzato;Inesploso
2862218;17;16/06/2016 18:50;Strada Urbana;PIAZZA DEI TRIBUNALI;da specificare;;;;fronte ponte umberto;Tamponamento;Rettilineo;Due carreggiate;Asciutto;Asfaltata;Verticale ed orizzontale;Foschia;Normale;Buona;Ore Diurne;0;0;0;4;12.47109;41.90337;-1;1;Autovettura privata;In marcia / fermata / arresto;Conducente;M;Illeso;0;;Non accertato;Inesploso
2862218;17;16/06/2016 18:50;Strada Urbana;PIAZZA DEI TRIBUNALI;da specificare;;;;fronte ponte umberto;Tamponamento;Rettilineo;Due carreggiate;Asciutto;Asfaltata;Verticale ed orizzontale;Foschia;Normale;Buona;Ore Diurne;0;0;0;4;12.47109;41.90337;-1;1;Autovettura privata;In marcia / fermata / arresto;Passeggero;M;Illeso;0;;Non accertato;Inesploso
2862218;17;16/06/2016 18:50;Strada Urbana;PIAZZA DEI TRIBUNALI;da specificare;;;;fronte ponte umberto;Tamponamento;Rettilineo;Due carreggiate;Asciutto;Asfaltata;Verticale ed orizzontale;Foschia;Normale;Buona;Ore Diurne;0;0;0;4;12.47109;41.90337;-1;2;Motociclo a solo;In marcia / fermata / arresto;Conducente;M;Illeso;0;;Non accertato;
2862218;17;16/06/2016 18:50;Strada Urbana;PIAZZA DEI TRIBUNALI;da specificare;;;;fronte ponte umberto;Tamponamento;Rettilineo;Due carreggiate;Asciutto;Asfaltata;Verticale ed orizzontale;Foschia;Normale;Buona;Ore Diurne;0;0;0;4;12.47109;41.90337;-1;2;Motociclo a solo;In marcia / fermata / arresto;Passeggero;M;Illeso;0;;Non accertato;
2862239;4;16/06/2016 19:45;Strada Urbana;VIA RENATO FUCINI;in corrispondenza;;del civico n.;22a;;Investimento di pedone;Rettilineo;Due carreggiate;Asciutto;Asfaltata;Assente;Nuvoloso;Normale;Buona;Ore Diurne;1;0;0;1;12.54474;41.95321;-1;;;;Pedone;F;Rimandato;0;NON DECEDUTO;;
2862239;4;16/06/2016 19:45;Strada Urbana;VIA RENATO FUCINI;in corrispondenza;;del civico n.;22a;;Investimento di pedone;Rettilineo;Due carreggiate;Asciutto;Asfaltata;Assente;Nuvoloso;Normale;Buona;Ore Diurne;1;0;0;1;12.54474;41.95321;-1;1;Autovettura privata;In marcia / fermata / arresto;Conducente;F;Illeso;0;;;
2862246;4;16/06/2016 09:35;Provinciale entro l'abitato;VIA NOMENTANA;da specificare;;;;prossimità via monte faraone;Investimento di pedone;Rettilineo;Una carreggiata a doppio senso;Asciutto;Asfaltata;Verticale ed orizzontale;Sereno;Normale;Buona;Ore Diurne;0;0;0;2;12.53754;41.9358;-1;;;;Pedone;M;Illeso;0;;;
2862246;4;16/06/2016 09:35;Provinciale entro l'abitato;VIA NOMENTANA;da specificare;;;;prossimità via monte faraone;Investimento di pedone;Rettilineo;Una carreggiata a doppio senso;Asciutto;Asfaltata;Verticale ed orizzontale;Sereno;Normale;Buona;Ore Diurne;0;0;0;2;12.53754;41.9358;-1;1;Motociclo a solo;In marcia / fermata / arresto;Conducente;M;Illeso;0;;Non accertato;
2862363;19;17/06/2016 08:00;Provinciale;VIA BRACCIANENSE NUOVA;in prossimità;;della chilometrica;1.5;;Investimento di pedone;Curva a visuale libera;Una carreggiata a doppio senso;Asciutto;Asfaltata;Verticale ed orizzontale;Sereno;Normale;Buona;Ore Diurne;1;0;0;2;12.3647;42.01326;-1;;;;Pedone;M;Rimandato;0;NON DECEDUTO;;
2862363;19;17/06/2016 08:00;Provinciale;VIA BRACCIANENSE NUOVA;in prossimità;;della chilometrica;1.5;;Investimento di pedone;Curva a visuale libera;Una carreggiata a doppio senso;Asciutto;Asfaltata;Verticale ed orizzontale;Sereno;Normale;Buona;Ore Diurne;1;0;0;2;12.3647;42.01326;-1;1;Autocarro inferiore 35 q.;In marcia / fermata / arresto;Conducente;M;Illeso;0;;Non accertato;Inesploso
2862363;19;17/06/2016 08:00;Provinciale;VIA BRACCIANENSE NUOVA;in prossimità;;della chilometrica;1.5;;Investimento di pedone;Curva a visuale libera;Una carreggiata a doppio senso;Asciutto;Asfaltata;Verticale ed orizzontale;Sereno;Normale;Buona;Ore Diurne;1;0;0;2;12.3647;42.01326;-1;1;Autocarro inferiore 35 q.;In marcia / fermata / arresto;Passeggero;M;Illeso;0;;Non accertato;Inesploso
2862364;1;17/06/2016 08:20;Strada Urbana;CORSO VITTORIO EMANUELE II;da specificare;;;;in corrispondenza con via del Paradiso;Scontro frontale/laterale DX fra veicoli in marcia;Rettilineo;Una carreggiata a doppio senso;Asciutto;Asfaltata;Orizzontale;Sereno;Intenso;Buona;Ore Diurne;0;0;0;2;12.47144;41.89721;-1;1;Autocarro inferiore 35 q.;In marcia / fermata / arresto;Conducente;M;Illeso;0;;;
2862364;1;17/06/2016 08:20;Strada Urbana;CORSO VITTORIO EMANUELE II;da specificare;;;;in corrispondenza con via del Paradiso;Scontro frontale/laterale DX fra veicoli in marcia;Rettilineo;Una carreggiata a doppio senso;Asciutto;Asfaltata;Orizzontale;Sereno;Intenso;Buona;Ore Diurne;0;0;0;2;12.47144;41.89721;-1;2;Autovettura privata;In marcia / fermata / arresto;Conducente;F;Illeso;0;;;
2862402;6;17/06/2016 06:30;Strada Urbana;VIA COLUMELLA;da specificare;;;;ALTEZZA STAZIONE CC;Veicolo in marcia contro veicolo in sosta;Rettilineo;Una carreggiata a senso unico di marcia;Asciutto;Asfaltata;Assente;Sereno;Scarso;Buona;Ore Diurne;1;0;0;0;12.5464;41.86836;-1;1;Autovettura privata;In marcia / fermata / arresto;Conducente;M;Rifiuta cure immediate;0;NON DECEDUTO;;
2862483;15;17/06/2016 10:45;Strada Urbana;VIA PIETRO FRATTINI;in prossimità;;del civico n.;271;;Scontro laterale fra veicoli in marcia;Rettilineo;Una carreggiata a doppio senso;Asciutto;Asfaltata;Assente;Sereno;Normale;Buona;Ore Diurne;0;0;0;2;12.45229;41.84566;-1;1;Motociclo a solo;In marcia / fermata / arresto;Conducente;M;Illeso;0;;Utilizzato;
2862483;15;17/06/2016 10:45;Strada Urbana;VIA PIETRO FRATTINI;in prossimità;;del civico n.;271;;Scontro laterale fra veicoli in marcia;Rettilineo;Una carreggiata a doppio senso;Asciutto;Asfaltata;Assente;Sereno;Normale;Buona;Ore Diurne;0;0;0;2;12.45229;41.84566;-1;2;Ciclomotore;In marcia / fermata / arresto;Conducente;M;Illeso;0;;Utilizzato;
2862487;19;17/06/2016 12:00;Strada Urbana;VIA FEDERICO BORROMEO;all'intersezione con;VIA NICOLO' ALBERGATI;VIA NICOLO' ALBERGATI;;;Scontro frontale/laterale SX fra veicoli in marcia;Incrocio;Una carreggiata a doppio senso;Asciutto;Asfaltata;Verticale ed orizzontale;Sereno;Normale;Buona;Ore Diurne;0;0;0;2;12.41549;41.92009;-1;1;Autovettura privata;In marcia / fermata / arresto;Conducente;F;Illeso;0;;Non accertato;Inesploso
2862487;19;17/06/2016 12:00;Strada Urbana;VIA FEDERICO BORROMEO;all'intersezione con;VIA NICOLO' ALBERGATI;VIA NICOLO' ALBERGATI;;;Scontro frontale/laterale SX fra veicoli in marcia;Incrocio;Una carreggiata a doppio senso;Asciutto;Asfaltata;Verticale ed orizzontale;Sereno;Normale;Buona;Ore Diurne;0;0;0;2;12.41549;41.92009;-1;2;Motociclo a solo;In marcia / fermata / arresto;Conducente;M;Illeso;0;;Non accertato;
2862492;2;17/06/2016 10:35;Strada Urbana;VIA FUCINO;all'intersezione con;VIA CHIANA;VIA CHIANA;;;Investimento di pedone;Incrocio;Una carreggiata a doppio senso;Asciutto;Asfaltata;Verticale ed orizzontale;Sereno;Normale;Buona;Ore Diurne;1;0;0;1;12.50763;41.92112;-1;;;;Pedone;F;Rimandato;0;NON DECEDUTO;;
2862492;2;17/06/2016 10:35;Strada Urbana;VIA FUCINO;all'intersezione con;VIA CHIANA;VIA CHIANA;;;Investimento di pedone;Incrocio;Una carreggiata a doppio senso;Asciutto;Asfaltata;Verticale ed orizzontale;Sereno;Normale;Buona;Ore Diurne;1;0;0;1;12.50763;41.92112;-1;1;Autocarro inferiore 35 q.;In marcia / fermata / arresto;Conducente;M;Illeso;0;;Non accertato;Inesploso
2862502;1;17/06/2016 11:30;Strada Urbana;VIA DI S. PRISCA;in corrispondenza;;del civico n.;8;;Veicolo in marcia contro veicolo in sosta;Rettilineo;Una carreggiata a senso unico di marcia;Asciutto;Asfaltata;Orizzontale;Sereno;Scarso;Buona;Ore Diurne;0;0;0;2;12.48333;41.88337;-1;2;Autovettura privata;In marcia / fermata / arresto;Conducente;F;Illeso;0;;Non accertato;Inesploso
2862502;1;17/06/2016 11:30;Strada Urbana;VIA DI S. PRISCA;in corrispondenza;;del civico n.;8;;Veicolo in marcia contro veicolo in sosta;Rettilineo;Una carreggiata a senso unico di marcia;Asciutto;Asfaltata;Orizzontale;Sereno;Scarso;Buona;Ore Diurne;0;0;0;2;12.48333;41.88337;-1;2;Autovettura privata;In marcia / fermata / arresto;Passeggero;F;Illeso;0;;Non accertato;Inesploso
2862506;6;17/06/2016 11:45;Strada Urbana;VIA TOR DE' SCHIAVI;da specificare;;;;FRONTE CIVICO 273;Scontro frontale/laterale SX fra veicoli in marcia;Rettilineo;Due carreggiate;Asciutto;Asfaltata;Verticale ed orizzontale;Sereno;Normale;Buona;Ore Diurne;0;0;0;1;12.56051;41.89045;-1;1;Autovettura privata;In marcia / fermata / arresto;Conducente;M;Illeso;0;;;
2862507;16;16/06/2016 15:10;Strada Urbana;VIA IPPOLITO NIEVO;in corrispondenza;;del civico n.;44;;Investimento di pedone;Rettilineo;Due carreggiate;Asciutto;Asfaltata;Verticale ed orizzontale;Sereno;Normale;Buona;Ore Diurne;1;0;0;1;12.46692;41.87946;-1;;;;Pedone;F;Rimandato;0;NON DECEDUTO;;
2862507;16;16/06/2016 15:10;Strada Urbana;VIA IPPOLITO NIEVO;in corrispondenza;;del civico n.;44;;Investimento di pedone;Rettilineo;Due carreggiate;Asciutto;Asfaltata;Verticale ed orizzontale;Sereno;Normale;Buona;Ore Diurne;1;0;0;1;12.46692;41.87946;-1;1;Autovettura privata;In marcia / fermata / arresto;Conducente;F;Illeso;0;;;
2862571;12;16/06/2016 15:20;Strada Urbana;VIALE DELL'ARTE;all'intersezione semaforizzata con;VIALE DELL'AERONAUTICA;VIALE DELL'AERONAUTICA;;;Scontro laterale fra veicoli in marcia;Incrocio;Una carreggiata a doppio senso;Asciutto;Asfaltata;Verticale ed orizzontale;Nuvoloso;Normale;Buona;Ore Diurne;0;0;0;7;12.473;41.82691;-1;1;Autovettura privata;In marcia / fermata / arresto;Conducente;M;Illeso;0;;Utilizzato;Inesploso
2862571;12;16/06/2016 15:20;Strada Urbana;VIALE DELL'ARTE;all'intersezione semaforizzata con;VIALE DELL'AERONAUTICA;VIALE DELL'AERONAUTICA;;;Scontro laterale fra veicoli in marcia;Incrocio;Una carreggiata a doppio senso;Asciutto;Asfaltata;Verticale ed orizzontale;Nuvoloso;Normale;Buona;Ore Diurne;0;0;0;7;12.473;41.82691;-1;1;Autovettura privata;In marcia / fermata / arresto;Passeggero;M;Illeso;0;;Utilizzato;Inesploso
2862571;12;16/06/2016 15:20;Strada Urbana;VIALE DELL'ARTE;all'intersezione semaforizzata con;VIALE DELL'AERONAUTICA;VIALE DELL'AERONAUTICA;;;Scontro laterale fra veicoli in marcia;Incrocio;Una carreggiata a doppio senso;Asciutto;Asfaltata;Verticale ed orizzontale;Nuvoloso;Normale;Buona;Ore Diurne;0;0;0;7;12.473;41.82691;-1;1;Autovettura privata;In marcia / fermata / arresto;Passeggero;M;Illeso;0;;Utilizzato;Inesploso
2862571;12;16/06/2016 15:20;Strada Urbana;VIALE DELL'ARTE;all'intersezione semaforizzata con;VIALE DELL'AERONAUTICA;VIALE DELL'AERONAUTICA;;;Scontro laterale fra veicoli in marcia;Incrocio;Una carreggiata a doppio senso;Asciutto;Asfaltata;Verticale ed orizzontale;Nuvoloso;Normale;Buona;Ore Diurne;0;0;0;7;12.473;41.82691;-1;2;Autovettura privata;In marcia / fermata / arresto;Conducente;F;Illeso;0;;Utilizzato;Inesploso
2862571;12;16/06/2016 15:20;Strada Urbana;VIALE DELL'ARTE;all'intersezione semaforizzata con;VIALE DELL'AERONAUTICA;VIALE DELL'AERONAUTICA;;;Scontro laterale fra veicoli in marcia;Incrocio;Una carreggiata a doppio senso;Asciutto;Asfaltata;Verticale ed orizzontale;Nuvoloso;Normale;Buona;Ore Diurne;0;0;0;7;12.473;41.82691;-1;2;Autovettura privata;In marcia / fermata / arresto;Passeggero;M;Illeso;0;;Utilizzato;Inesploso
2862571;12;16/06/2016 15:20;Strada Urbana;VIALE DELL'ARTE;all'intersezione semaforizzata con;VIALE DELL'AERONAUTICA;VIALE DELL'AERONAUTICA;;;Scontro laterale fra veicoli in marcia;Incrocio;Una carreggiata a doppio senso;Asciutto;Asfaltata;Verticale ed orizzontale;Nuvoloso;Normale;Buona;Ore Diurne;0;0;0;7;12.473;41.82691;-1;2;Autovettura privata;In marcia / fermata / arresto;Passeggero;F;Illeso;0;;Utilizzato;Inesploso
2862652;6;17/06/2016 11:45;Strada Urbana;VIA ALATRI;all'intersezione con;VIA SABAUDIA;VIA SABAUDIA;;;Scontro laterale fra veicoli in marcia;Incrocio;Una carreggiata a senso unico di marcia;Asciutto;Asfaltata;Verticale ed orizzontale;Nuvoloso;Normale;Buona;Ore Diurne;1;0;0;1;12.55803;41.8932;-1;1;Motociclo a solo;In marcia / fermata / arresto;Conducente;M;Rifiuta cure immediate;0;NON DECEDUTO;Utilizzato;
2862652;6;17/06/2016 11:45;Strada Urbana;VIA ALATRI;all'intersezione con;VIA SABAUDIA;VIA SABAUDIA;;;Scontro laterale fra veicoli in marcia;Incrocio;Una carreggiata a senso unico di marcia;Asciutto;Asfaltata;Verticale ed orizzontale;Nuvoloso;Normale;Buona;Ore Diurne;1;0;0;1;12.55803;41.8932;-1;2;Autovettura privata;In marcia / fermata / arresto;Conducente;F;Illeso;0;;Non accertato;Inesploso
2862660;16;16/06/2016 16:05;Strada Urbana;VIALE ISACCO NEWTON;da specificare;;;;fronte civico 88;Veicolo in marcia contro veicolo in sosta;Rettilineo;Due carreggiate;Asciutto;Asfaltata;Orizzontale;Sereno;Normale;Buona;Ore Diurne;0;0;0;2;12.44235;41.84874;-1;1;Autovettura privata;Sosta;Passeggero;F;Illeso;0;;Non accertato;Inesploso
2862660;16;16/06/2016 16:05;Strada Urbana;VIALE ISACCO NEWTON;da specificare;;;;fronte civico 88;Veicolo in marcia contro veicolo in sosta;Rettilineo;Due carreggiate;Asciutto;Asfaltata;Orizzontale;Sereno;Normale;Buona;Ore Diurne;0;0;0;2;12.44235;41.84874;-1;2;Autovettura privata;Allontanatosi;Conducente;M;Illeso;0;;;
2862752;18;17/06/2016 13:05;Strada Urbana;VIA DI ACQUAFREDDA;da specificare;;;;alt. fermata bus linea 906 n. 75717;Tamponamento;Rettilineo;Una carreggiata a doppio senso;Asciutto;Asfaltata;Verticale ed orizzontale;Sereno;Normale;Buona;Ore Diurne;2;0;0;1;12.39546;41.89446;-1;1;Autovettura privata;In marcia / fermata / arresto;Conducente;M;Rifiuta cure immediate;0;NON DECEDUTO;Non accertato;Inesploso
2862752;18;17/06/2016 13:05;Strada Urbana;VIA DI ACQUAFREDDA;da specificare;;;;alt. fermata bus linea 906 n. 75717;Tamponamento;Rettilineo;Una carreggiata a doppio senso;Asciutto;Asfaltata;Verticale ed orizzontale;Sereno;Normale;Buona;Ore Diurne;2;0;0;1;12.39546;41.89446;-1;1;Autovettura privata;In marcia / fermata / arresto;Passeggero;M;Rifiuta cure immediate;0;NON DECEDUTO;Non accertato;Inesploso
2862752;18;17/06/2016 13:05;Strada Urbana;VIA DI ACQUAFREDDA;da specificare;;;;alt. fermata bus linea 906 n. 75717;Tamponamento;Rettilineo;Una carreggiata a doppio senso;Asciutto;Asfaltata;Verticale ed orizzontale;Sereno;Normale;Buona;Ore Diurne;2;0;0;1;12.39546;41.89446;-1;2;Autovettura privata;In marcia / fermata / arresto;Conducente;M;Illeso;0;;Non accertato;Inesploso
2862756;18;17/06/2016 13:30;Strada Urbana;VIA BELVEDERE MONTELLO;da specificare;;;;altezza VIA GINO FRONTALI;Scontro frontale/laterale DX fra veicoli in marcia;Rettilineo;Una carreggiata a doppio senso;Asciutto;Asfaltata;Verticale ed orizzontale;Nuvoloso;Normale;Buona;Ore Diurne;0;0;0;2;12.39087;41.9134;-1;1;Motociclo a solo;In marcia / fermata / arresto;Conducente;F;Illeso;0;;Non accertato;
2862756;18;17/06/2016 13:30;Strada Urbana;VIA BELVEDERE MONTELLO;da specificare;;;;altezza VIA GINO FRONTALI;Scontro frontale/laterale DX fra veicoli in marcia;Rettilineo;Una carreggiata a doppio senso;Asciutto;Asfaltata;Verticale ed orizzontale;Nuvoloso;Normale;Buona;Ore Diurne;0;0;0;2;12.39087;41.9134;-1;2;Autovettura privata;In marcia / fermata / arresto;Conducente;M;Illeso;0;;;
2862782;12;17/06/2016 12:30;Strada Urbana;VIALE DEL CICLISMO;all'intersezione con;VIALE DELL'UMANESIMO;VIALE DELL'UMANESIMO;;;Scontro frontale/laterale DX fra veicoli in marcia;Incrocio;Una carreggiata a doppio senso;Asciutto;Asfaltata;Verticale ed orizzontale;Sereno;Normale;Buona;Ore Diurne;0;0;0;4;12.4607;41.82686;-1;1;Autovettura privata;In marcia / fermata / arresto;Conducente;F;Illeso;0;;Utilizzato;Inesploso
2862782;12;17/06/2016 12:30;Strada Urbana;VIALE DEL CICLISMO;all'intersezione con;VIALE DELL'UMANESIMO;VIALE DELL'UMANESIMO;;;Scontro frontale/laterale DX fra veicoli in marcia;Incrocio;Una carreggiata a doppio senso;Asciutto;Asfaltata;Verticale ed orizzontale;Sereno;Normale;Buona;Ore Diurne;0;0;0;4;12.4607;41.82686;-1;1;Autovettura privata;In marcia / fermata / arresto;Passeggero;M;Illeso;0;;Utilizzato;Esploso
2862782;12;17/06/2016 12:30;Strada Urbana;VIALE DEL CICLISMO;all'intersezione con;VIALE DELL'UMANESIMO;VIALE DELL'UMANESIMO;;;Scontro frontale/laterale DX fra veicoli in marcia;Incrocio;Una carreggiata a doppio senso;Asciutto;Asfaltata;Verticale ed orizzontale;Sereno;Normale;Buona;Ore Diurne;0;0;0;4;12.4607;41.82686;-1;2;Autovettura privata;In marcia / fermata / arresto;Conducente;M;Illeso;0;;Utilizzato;Inesploso
2862782;12;17/06/2016 12:30;Strada Urbana;VIALE DEL CICLISMO;all'intersezione con;VIALE DELL'UMANESIMO;VIALE DELL'UMANESIMO;;;Scontro frontale/laterale DX fra veicoli in marcia;Incrocio;Una carreggiata a doppio senso;Asciutto;Asfaltata;Verticale ed orizzontale;Sereno;Normale;Buona;Ore Diurne;0;0;0;4;12.4607;41.82686;-1;2;Autovettura privata;In marcia / fermata / arresto;Passeggero;F;Illeso;0;;Utilizzato;Inesploso
2862793;1;17/06/2016 14:55;Strada Urbana;PIAZZALE UGO LA MALFA;all'intersezione con;VIA DEL CIRCO MASSIMO;VIA DEL CIRCO MASSIMO;;;Scontro laterale fra veicoli in marcia;Incrocio;Due carreggiate;Asciutto;Asfaltata;Verticale ed orizzontale;Nuvoloso;Scarso;Buona;Ore Diurne;0;0;0;5;12.48501;41.88538;-1;1;Autovettura privata;In marcia / fermata / arresto;Conducente;F;Illeso;0;;Non accertato;Inesploso
2862793;1;17/06/2016 14:55;Strada Urbana;PIAZZALE UGO LA MALFA;all'intersezione con;VIA DEL CIRCO MASSIMO;VIA DEL CIRCO MASSIMO;;;Scontro laterale fra veicoli in marcia;Incrocio;Due carreggiate;Asciutto;Asfaltata;Verticale ed orizzontale;Nuvoloso;Scarso;Buona;Ore Diurne;0;0;0;5;12.48501;41.88538;-1;1;Autovettura privata;In marcia / fermata / arresto;Passeggero;F;Illeso;0;;Non utilizzato;Inesploso
2862793;1;17/06/2016 14:55;Strada Urbana;PIAZZALE UGO LA MALFA;all'intersezione con;VIA DEL CIRCO MASSIMO;VIA DEL CIRCO MASSIMO;;;Scontro laterale fra veicoli in marcia;Incrocio;Due carreggiate;Asciutto;Asfaltata;Verticale ed orizzontale;Nuvoloso;Scarso;Buona;Ore Diurne;0;0;0;5;12.48501;41.88538;-1;2;Macchina operatrice;In marcia / fermata / arresto;Conducente;M;Illeso;0;;Non accertato;Inesploso
2862793;1;17/06/2016 14:55;Strada Urbana;PIAZZALE UGO LA MALFA;all'intersezione con;VIA DEL CIRCO MASSIMO;VIA DEL CIRCO MASSIMO;;;Scontro laterale fra veicoli in marcia;Incrocio;Due carreggiate;Asciutto;Asfaltata;Verticale ed orizzontale;Nuvoloso;Scarso;Buona;Ore Diurne;0;0;0;5;12.48501;41.88538;-1;2;Macchina operatrice;In marcia / fermata / arresto;Passeggero;M;Illeso;0;;Non accertato;Inesploso
2862793;1;17/06/2016 14:55;Strada Urbana;PIAZZALE UGO LA MALFA;all'intersezione con;VIA DEL CIRCO MASSIMO;VIA DEL CIRCO MASSIMO;;;Scontro laterale fra veicoli in marcia;Incrocio;Due carreggiate;Asciutto;Asfaltata;Verticale ed orizzontale;Nuvoloso;Scarso;Buona;Ore Diurne;0;0;0;5;12.48501;41.88538;-1;2;Macchina operatrice;In marcia / fermata / arresto;Passeggero;M;Illeso;0;;Non accertato;Inesploso
2862804;7;15/06/2016 14:05;Strada Urbana;VIA FEDERICO TURANO;in corrispondenza;;del civico n.;33;;Scontro laterale fra veicoli in marcia;Rettilineo;Una carreggiata a doppio senso;Asciutto;Asfaltata;Verticale ed orizzontale;Sereno;Normale;Sufficiente;Ore Diurne;0;0;0;2;12.60437;41.91034;-1;1;Autocarro inferiore 35 q.;In marcia / fermata / arresto;Conducente;M;Illeso;0;;Non accertato;Inesploso
2862804;7;15/06/2016 14:05;Strada Urbana;VIA FEDERICO TURANO;in corrispondenza;;del civico n.;33;;Scontro laterale fra veicoli in marcia;Rettilineo;Una carreggiata a doppio senso;Asciutto;Asfaltata;Verticale ed orizzontale;Sereno;Normale;Sufficiente;Ore Diurne;0;0;0;2;12.60437;41.91034;-1;2;Autovettura privata;In marcia / fermata / arresto;Conducente;M;Illeso;0;;Non accertato;Inesploso
2862805;6;17/06/2016 14:50;Statale entro l'abitato;VIA COLLATINA;all'intersezione con;VIA DI GROTTA DI GREGNA;VIA DI GROTTA DI GREGNA;;;Scontro frontale/laterale SX fra veicoli in marcia;Intersezione stradale segnalata;Una carreggiata a doppio senso;Asciutto;Asfaltata;Verticale ed orizzontale;Nuvoloso;Normale;Buona;Ore Diurne;1;0;0;1;12.56747;41.90076;-1;1;Autovettura privata;In marcia / fermata / arresto;Conducente;F;Illeso;0;;Non accertato;Inesploso
2862805;6;17/06/2016 14:50;Statale entro l'abitato;VIA COLLATINA;all'intersezione con;VIA DI GROTTA DI GREGNA;VIA DI GROTTA DI GREGNA;;;Scontro frontale/laterale SX fra veicoli in marcia;Intersezione stradale segnalata;Una carreggiata a doppio senso;Asciutto;Asfaltata;Verticale ed orizzontale;Nuvoloso;Normale;Buona;Ore Diurne;1;0;0;1;12.56747;41.90076;-1;2;Autovettura privata;In marcia / fermata / arresto;Conducente;F;Rimandato;0;NON DECEDUTO;Non accertato;Inesploso
2862835;16;17/06/2016 08:30;Strada Urbana;PIAZZA S. GIOVANNI DI DIO;in corrispondenza;;del civico n.;12;;Tamponamento;Rettilineo;Una carreggiata a senso unico di marcia;Asciutto;Asfaltata;Verticale;Sereno;Normale;Buona;Ore Diurne;0;0;0;5;12.44618;41.87466;-1;1;Autovettura privata;In marcia / fermata / arresto;Conducente;F;Illeso;0;;Non accertato;
2862835;16;17/06/2016 08:30;Strada Urbana;PIAZZA S. GIOVANNI DI DIO;in corrispondenza;;del civico n.;12;;Tamponamento;Rettilineo;Una carreggiata a senso unico di marcia;Asciutto;Asfaltata;Verticale;Sereno;Normale;Buona;Ore Diurne;0;0;0;5;12.44618;41.87466;-1;1;Autovettura privata;In marcia / fermata / arresto;Passeggero;M;Illeso;0;;Non accertato;
2862835;16;17/06/2016 08:30;Strada Urbana;PIAZZA S. GIOVANNI DI DIO;in corrispondenza;;del civico n.;12;;Tamponamento;Rettilineo;Una carreggiata a senso unico di marcia;Asciutto;Asfaltata;Verticale;Sereno;Normale;Buona;Ore Diurne;0;0;0;5;12.44618;41.87466;-1;1;Autovettura privata;In marcia / fermata / arresto;Passeggero;F;Illeso;0;;Non accertato;