Protocollo;Gruppo;DataOraIncidente;Localizzazione1;STRADA1;Localizzazione2;STRADA2;Strada02;Chilometrica;DaSpecificare;NaturaIncidente;particolaritastrade;TipoStrada;FondoStradale;Pavimentazione;Segnaletica;CondizioneAtmosferica;Traffico;Visibilita;Illuminazione;NUM_FERITI;NUM_RISERVATA;NUM_MORTI;NUM_ILLESI;Longitudine;Latitudine;Confermato;Progressivo;TipoVeicolo;StatoVeicolo;TipoPersona;Sesso;Tipolesione;Deceduto;DecedutoDopo;CinturaCascoUtilizzato;Airbag
2862835;16;17/06/2016 08:30;Strada Urbana;PIAZZA S. GIOVANNI DI DIO;in corrispondenza;;del civico n.;12;;Tamponamento;Rettilineo;Una carreggiata a senso unico di marcia;Asciutto;Asfaltata;Verticale;Sereno;Normale;Buona;Ore Diurne;0;0;0;5;12.44618;41.87466;-1;2;Autovettura privata;In marcia / fermata / arresto;Conducente;M;Illeso;0;;Non accertato;
2862835;16;17/06/2016 08:30;Strada Urbana;PIAZZA S. GIOVANNI DI DIO;in corrispondenza;;del civico n.;12;;Tamponamento;Rettilineo;Una carreggiata a senso unico di marcia;Asciutto;Asfaltata;Verticale;Sereno;Normale;Buona;Ore Diurne;0;0;0;5;12.44618;41.87466;-1;2;Autovettura privata;In marcia / fermata / arresto;Passeggero;F;Illeso;0;;Non accertato;
2862864;9;17/06/2016 14:20;Strada Urbana;VIA TUSCOLANA;da specificare;;;;FRONTE CIVICO 126;Veicolo in marcia contro veicolo in sosta;Rettilineo;Una carreggiata a doppio senso;Asciutto;Asfaltata;Verticale ed orizzontale;Sereno;Normale;Buona;Ore Diurne;0;0;0;1;12.51742;41.87962;-1;1;Autovettura privata;In marcia / fermata / arresto;Conducente;M;Illeso;0;;Utilizzato;Inesploso
2862879;10;17/06/2016 16:00;Strada Urbana;VIA ANAGNINA;da specificare;;;;in prossimità di via Seminara;Scontro laterale fra veicoli in marcia;Rettilineo;Una carreggiata a senso unico di marcia;Asciutto;Asfaltata;Orizzontale;Nuvoloso;Scarso;Buona;Ore Diurne;1;0;0;2;12.6088;41.82159;-1;1;Motociclo a solo;In marcia / fermata / arresto;Conducente;M;Rimandato;0;NON DECEDUTO;Non accertato;
2862879;10;17/06/2016 16:00;Strada Urbana;VIA ANAGNINA;da specificare;;;;in prossimità di via Seminara;Scontro laterale fra veicoli in marcia;Rettilineo;Una carreggiata a senso unico di marcia;Asciutto;Asfaltata;Orizzontale;Nuvoloso;Scarso;Buona;Ore Diurne;1;0;0;2;12.6088;41.82159;-1;2;Autovettura privata;In marcia / fermata / arresto;Conducente;F;Illeso;0;;Non accertato;Inesploso
2862879;10;17/06/2016 16:00;Strada Urbana;VIA ANAGNINA;da specificare;;;;in prossimità di via Seminara;Scontro laterale fra veicoli in marcia;Rettilineo;Una carreggiata a senso unico di marcia;Asciutto;Asfaltata;Orizzontale;Nuvoloso;Scarso;Buona;Ore Diurne;1;0;0;2;12.6088;41.82159;-1;2;Autovettura privata;In marcia / fermata / arresto;Passeggero;F;Illeso;0;;Non accertato;Inesploso
2862906;6;17/06/2016 15:50;Statale entro l'abitato;VIA CASILINA;all'intersezione semaforizzata con;VIALE DELLA PRIMAVERA;VIALE DELLA PRIMAVERA;;;Scontro laterale fra veicoli in marcia;Intersezione semaforizzata;Due carreggiate;Asciutto;Asfaltata;Verticale ed orizzontale;Nuvoloso;Normale;Buona;Ore Diurne;0;0;0;3;12.55747;41.87555;-1;1;Autocarro inferiore 35 q.;In marcia / fermata / arresto;Conducente;M;Illeso;0;;Non accertato;Inesploso
2862906;6;17/06/2016 15:50;Statale entro l'abitato;VIA CASILINA;all'intersezione semaforizzata con;VIALE DELLA PRIMAVERA;VIALE DELLA PRIMAVERA;;;Scontro laterale fra veicoli in marcia;Intersezione semaforizzata;Due carreggiate;Asciutto;Asfaltata;Verticale ed orizzontale;Nuvoloso;Normale;Buona;Ore Diurne;0;0;0;3;12.55747;41.87555;-1;2;Autovettura privata;In marcia / fermata / arresto;Conducente;F;Illeso;0;;Non accertato;Inesploso
2862906;6;17/06/2016 15:50;Statale entro l'abitato;VIA CASILINA;all'intersezione semaforizzata con;VIALE DELLA PRIMAVERA;VIALE DELLA PRIMAVERA;;;Scontro laterale fra veicoli in marcia;Intersezione semaforizzata;Due carreggiate;Asciutto;Asfaltata;Verticale ed orizzontale;Nuvoloso;Normale;Buona;Ore Diurne;0;0;0;3;12.55747;41.87555;-1;2;Autovettura privata;In marcia / fermata / arresto;Passeggero;F;Illeso;0;;Non accertato;Inesploso
2862912;2;17/06/2016 15:15;Strada Urbana;CIRCONVALLAZIONE SALARIA;da specificare;;;;prox Via del Foro Italico;Tamponamento;Curva a visuale libera;Due carreggiate;Asciutto;Asfaltata;Orizzontale;Nuvoloso;Normale;Buona;Ore Diurne;0;0;0;3;12.50863;41.93772;-1;1;Motociclo a solo;In marcia / fermata / arresto;Conducente;M;Illeso;0;;Non accertato;
2862912;2;17/06/2016 15:15;Strada Urbana;CIRCONVALLAZIONE SALARIA;da specificare;;;;prox Via del Foro Italico;Tamponamento;Curva a visuale libera;Due carreggiate;Asciutto;Asfaltata;Orizzontale;Nuvoloso;Normale;Buona;Ore Diurne;0;0;0;3;12.50863;41.93772;-1;2;Autoambulanza;In marcia / fermata / arresto;Conducente;M;Illeso;0;;Non accertato;Inesploso
2862912;2;17/06/2016 15:15;Strada Urbana;CIRCONVALLAZIONE SALARIA;da specificare;;;;prox Via del Foro Italico;Tamponamento;Curva a visuale libera;Due carreggiate;Asciutto;Asfaltata;Orizzontale;Nuvoloso;Normale;Buona;Ore Diurne;0;0;0;3;12.50863;41.93772;-1;2;Autoambulanza;In marcia / fermata / arresto;Passeggero;M;Illeso;0;;Non accertato;Inesploso
2862921;16;17/06/2016 12:30;Strada Urbana;VIA FEDERICO ROSAZZA;in corrispondenza;;del civico n.;52;;Scontro laterale fra veicoli in marcia;Rettilineo;Una carreggiata a doppio senso;Asciutto;Asfaltata;Verticale ed orizzontale;Sereno;Normale;Buona;Ore Diurne;0;0;0;3;12.46721;41.87756;-1;1;Autovettura privata;In marcia / fermata / arresto;Conducente;M;Illeso;0;;Non accertato;Inesploso
2862921;16;17/06/2016 12:30;Strada Urbana;VIA FEDERICO ROSAZZA;in corrispondenza;;del civico n.;52;;Scontro laterale fra veicoli in marcia;Rettilineo;Una carreggiata a doppio senso;Asciutto;Asfaltata;Verticale ed orizzontale;Sereno;Normale;Buona;Ore Diurne;0;0;0;3;12.46721;41.87756;-1;2;Autovettura privata;In marcia / fermata / arresto;Conducente;M;Illeso;0;;Non accertato;Inesploso
2862921;16;17/06/2016 12:30;Strada Urbana;VIA FEDERICO ROSAZZA;in corrispondenza;;del civico n.;52;;Scontro laterale fra veicoli in marcia;Rettilineo;Una carreggiata a doppio senso;Asciutto;Asfaltata;Verticale ed orizzontale;Sereno;Normale;Buona;Ore Diurne;0;0;0;3;12.46721;41.87756;-1;2;Autovettura privata;In marcia / fermata / arresto;Passeggero;F;Illeso;0;;Non accertato;Inesploso
2862964;9;17/06/2016 10:00;Strada Urbana;VIA CASALMONFERRATO;in corrispondenza;;del civico n.;7B;;Scontro frontale/laterale SX fra veicoli in marcia;Rettilineo;Una carreggiata a senso unico di marcia;Asciutto;Asfaltata;Verticale ed orizzontale;Nuvoloso;Scarso;Buona;Ore Diurne;1;0;0;1;12.51821;41.88066;-1;1;Autovettura privata;In marcia / fermata / arresto;Conducente;M;Illeso;0;;;
2862964;9;17/06/2016 10:00;Strada Urbana;VIA CASALMONFERRATO;in corrispondenza;;del civico n.;7B;;Scontro frontale/laterale SX fra veicoli in marcia;Rettilineo;Una carreggiata a senso unico di marcia;Asciutto;Asfaltata;Verticale ed orizzontale;Nuvoloso;Scarso;Buona;Ore Diurne;1;0;0;1;12.51821;41.88066;-1;2;Motociclo a solo;In marcia / fermata / arresto;Conducente;M;Rimandato;0;NON DECEDUTO;;
2863038;13;17/06/2016 07:00;Strada Urbana;VIA FELICE DA MONTECCHIO;in corrispondenza;;del civico n.;113;;Tamponamento;Rettilineo;Una carreggiata a senso unico di marcia;Asciutto;Strada pavimentata dissestata;Verticale;Sereno;Scarso;Buona;Ore Diurne;0;0;0;2;12.33419;41.78327;-1;1;Motociclo a solo;In marcia / fermata / arresto;Conducente;M;Illeso;0;;Non accertato;
2863038;13;17/06/2016 07:00;Strada Urbana;VIA FELICE DA MONTECCHIO;in corrispondenza;;del civico n.;113;;Tamponamento;Rettilineo;Una carreggiata a senso unico di marcia;Asciutto;Strada pavimentata dissestata;Verticale;Sereno;Scarso;Buona;Ore Diurne;0;0;0;2;12.33419;41.78327;-1;2;Autovettura privata;In marcia / fermata / arresto;Conducente;M;Illeso;0;;Non accertato;Inesploso
2863046;9;17/06/2016 17:45;Strada Urbana;VIA TUSCOLANA;da specificare;;;;ALT. VIA VALGIA SILVILLA - DISTRIBUTORE IP;Scontro frontale/laterale DX fra veicoli in marcia;Rettilineo;Due carreggiate;Asciutto;Asfaltata;Verticale ed orizzontale;Sereno;Intenso;Buona;Ore Diurne;1;0;0;1;12.5387;41.86786;-1;1;Autocarro inferiore 35 q.;In marcia / fermata / arresto;Conducente;M;Illeso;0;;Utilizzato;Inesploso
2863046;9;17/06/2016 17:45;Strada Urbana;VIA TUSCOLANA;da specificare;;;;ALT. VIA VALGIA SILVILLA - DISTRIBUTORE IP;Scontro frontale/laterale DX fra veicoli in marcia;Rettilineo;Due carreggiate;Asciutto;Asfaltata;Verticale ed orizzontale;Sereno;Intenso;Buona;Ore Diurne;1;0;0;1;12.5387;41.86786;-1;2;Motociclo a solo;In marcia / fermata / arresto;Conducente;M;Rimandato;0;NON DECEDUTO;Utilizzato;
2863050;2;17/06/2016 17:55;Strada Urbana;LUNGOTEVERE FLAMINIO;all'intersezione semaforizzata con;PONTE DUCA D'AOSTA;PONTE DUCA D'AOSTA;;;Scontro laterale fra veicoli in marcia;Intersezione semaforizzata;Una carreggiata a doppio senso;Asciutto;Asfaltata;Verticale ed orizzontale;Sereno;Normale;Buona;Ore Diurne;0;0;0;2;12.46216;41.93056;-1;1;Motociclo a solo;In marcia / fermata / arresto;Conducente;M;Illeso;0;;Non accertato;
2863050;2;17/06/2016 17:55;Strada Urbana;LUNGOTEVERE FLAMINIO;all'intersezione semaforizzata con;PONTE DUCA D'AOSTA;PONTE DUCA D'AOSTA;;;Scontro laterale fra veicoli in marcia;Intersezione semaforizzata;Una carreggiata a doppio senso;Asciutto;Asfaltata;Verticale ed orizzontale;Sereno;Normale;Buona;Ore Diurne;0;0;0;2;12.46216;41.93056;-1;2;Autovettura privata;In marcia / fermata / arresto;Conducente;M;Illeso;0;;Non accertato;Inesploso
2863060;13;17/06/2016 07:24;Strada Urbana;VIA DEL MARE;da specificare;;;;direzione roma alt km 17+200;Scontro laterale fra veicoli in marcia;Rettilineo;Una carreggiata a doppio senso;Asciutto;Asfaltata;Verticale ed orizzontale;Nuvoloso;Intenso;Buona;Ore Diurne;1;0;0;1;12.30746;41.76255;-1;1;Autovettura privata;In marcia / fermata / arresto;Conducente;F;Illeso;0;;Non accertato;Inesploso
2863060;13;17/06/2016 07:24;Strada Urbana;VIA DEL MARE;da specificare;;;;direzione roma alt km 17+200;Scontro laterale fra veicoli in marcia;Rettilineo;Una carreggiata a doppio senso;Asciutto;Asfaltata;Verticale ed orizzontale;Nuvoloso;Intenso;Buona;Ore Diurne;1;0;0;1;12.30746;41.76255;-1;2;Autovettura privata;In marcia / fermata / arresto;Conducente;F;Rimandato;0;NON DECEDUTO;Non accertato;Inesploso
2863067;13;17/06/2016 11:35;Strada Urbana;VIALE DEI ROMAGNOLI;in prossimità;;del civico n.;901;;Tamponamento Multiplo;Rettilineo;Una carreggiata a doppio senso;Asciutto;Asfaltata;Orizzontale;Sereno;Intenso;Buona;Ore Diurne;1;0;0;4;12.34953;41.77934;-1;1;Autovettura privata;In marcia / fermata / arresto;Conducente;F;Illeso;0;;Non accertato;Inesploso
2863067;13;17/06/2016 11:35;Strada Urbana;VIALE DEI ROMAGNOLI;in prossimità;;del civico n.;901;;Tamponamento Multiplo;Rettilineo;Una carreggiata a doppio senso;Asciutto;Asfaltata;Orizzontale;Sereno;Intenso;Buona;Ore Diurne;1;0;0;4;12.34953;41.77934;-1;2;Autovettura privata;In marcia / fermata / arresto;Conducente;F;Rimandato;0;NON DECEDUTO;Non accertato;Inesploso
2863067;13;17/06/2016 11:35;Strada Urbana;VIALE DEI ROMAGNOLI;in prossimità;;del civico n.;901;;Tamponamento Multiplo;Rettilineo;Una carreggiata a doppio senso;Asciutto;Asfaltata;Orizzontale;Sereno;Intenso;Buona;Ore Diurne;1;0;0;4;12.34953;41.77934;-1;3;Autovettura privata;In marcia / fermata / arresto;Conducente;M;Illeso;0;;Non accertato;Inesploso
2863067;13;17/06/2016 11:35;Strada Urbana;VIALE DEI ROMAGNOLI;in prossimità;;del civico n.;901;;Tamponamento Multiplo;Rettilineo;Una carreggiata a doppio senso;Asciutto;Asfaltata;Orizzontale;Sereno;Intenso;Buona;Ore Diurne;1;0;0;4;12.34953;41.77934;-1;4;Autovettura privata;In marcia / fermata / arresto;Conducente;F;Illeso;0;;Non accertato;Inesploso
2863067;13;17/06/2016 11:35;Strada Urbana;VIALE DEI ROMAGNOLI;in prossimità;;del civico n.;901;;Tamponamento Multiplo;Rettilineo;Una carreggiata a doppio senso;Asciutto;Asfaltata;Orizzontale;Sereno;Intenso;Buona;Ore Diurne;1;0;0;4;12.34953;41.77934;-1;4;Autovettura privata;In marcia / fermata / arresto;Passeggero;F;Illeso;0;;Non accertato;Inesploso
2863077;15;17/06/2016 14:05;Strada Urbana;VIA PORTUENSE;all'intersezione con;VICOLO CLEMENTI;VICOLO CLEMENTI;;;Veicolo in marcia contro veicolo arresto;Incrocio;Una carreggiata a doppio senso;Asciutto;Asfaltata;Verticale ed orizzontale;Nuvoloso;Normale;Buona;Ore Diurne;1;0;0;1;12.41534;41.83759;-1;1;Autovettura privata;In marcia / fermata / arresto;Conducente;M;Illeso;0;;Non accertato;Inesploso
2863077;15;17/06/2016 14:05;Strada Urbana;VIA PORTUENSE;all'intersezione con;VICOLO CLEMENTI;VICOLO CLEMENTI;;;Veicolo in marcia contro veicolo arresto;Incrocio;Una carreggiata a doppio senso;Asciutto;Asfaltata;Verticale ed orizzontale;Nuvoloso;Normale;Buona;Ore Diurne;1;0;0;1;12.41534;41.83759;-1;2;Motociclo a solo;In marcia / fermata / arresto;Conducente;M;Rimandato;0;NON DECEDUTO;Utilizzato;
2863083;13;17/06/2016 11:30;Strada Urbana;LUNGOMARE DUILIO;da specificare;;;;altezza via dei Timoni;Tamponamento;Rettilineo;Una carreggiata a doppio senso;Asciutto;Asfaltata;Verticale ed orizzontale;Sereno;Normale;Buona;Ore Diurne;0;0;0;2;12.29661;41.72212;-1;1;Autovettura privata;In marcia / fermata / arresto;Conducente;F;Illeso;0;;Non accertato;Inesploso
2863083;13;17/06/2016 11:30;Strada Urbana;LUNGOMARE DUILIO;da specificare;;;;altezza via dei Timoni;Tamponamento;Rettilineo;Una carreggiata a doppio senso;Asciutto;Asfaltata;Verticale ed orizzontale;Sereno;Normale;Buona;Ore Diurne;0;0;0;2;12.29661;41.72212;-1;2;Autovettura privata;In marcia / fermata / arresto;Conducente;M;Illeso;0;;Non accertato;Inesploso
2863086;9;17/06/2016 18:15;Strada Urbana;VIA GIOVANNI BOTERO;all'intersezione con;VIA ARRIGO DAVILA;VIA ARRIGO DAVILA;;;Veicolo in marcia contro veicolo in sosta;Incrocio;Due carreggiate;Asciutto;Asfaltata;Verticale ed orizzontale;Nuvoloso;Scarso;Buona;Ore Diurne;0;0;0;3;12.52539;41.87035;-1;1;Autovettura privata;In marcia / fermata / arresto;Conducente;M;Illeso;0;;Utilizzato;Inesploso
2863086;9;17/06/2016 18:15;Strada Urbana;VIA GIOVANNI BOTERO;all'intersezione con;VIA ARRIGO DAVILA;VIA ARRIGO DAVILA;;;Veicolo in marcia contro veicolo in sosta;Incrocio;Due carreggiate;Asciutto;Asfaltata;Verticale ed orizzontale;Nuvoloso;Scarso;Buona;Ore Diurne;0;0;0;3;12.52539;41.87035;-1;1;Autovettura privata;In marcia / fermata / arresto;Passeggero;F;Illeso;0;;Non accertato;Inesploso
2863086;9;17/06/2016 18:15;Strada Urbana;VIA GIOVANNI BOTERO;all'intersezione con;VIA ARRIGO DAVILA;VIA ARRIGO DAVILA;;;Veicolo in marcia contro veicolo in sosta;Incrocio;Due carreggiate;Asciutto;Asfaltata;Verticale ed orizzontale;Nuvoloso;Scarso;Buona;Ore Diurne;0;0;0;3;12.52539;41.87035;-1;1;Autovettura privata;In marcia / fermata / arresto;Passeggero;M;Illeso;0;;Non accertato;Inesploso
2863091;20;17/06/2016 14:00;Strada Urbana;LUNGOTEVERE MARESCIALLO CADORNA;da specificare;;;;altezza fermata Atac de Bosis Stadio tennis;Scontro frontale/laterale DX fra veicoli in marcia;Rettilineo;Due carreggiate;Asciutto;Asfaltata;Verticale ed orizzontale;Sereno;Normale;Buona;Ore Diurne;0;0;1;2;12.45931;41.93133;-1;1;Autobus urbano;In marcia / fermata / arresto;Conducente;M;Illeso;0;;;
2863091;20;17/06/2016 14:00;Strada Urbana;LUNGOTEVERE MARESCIALLO CADORNA;da specificare;;;;altezza fermata Atac de Bosis Stadio tennis;Scontro frontale/laterale DX fra veicoli in marcia;Rettilineo;Due carreggiate;Asciutto;Asfaltata;Verticale ed orizzontale;Sereno;Normale;Buona;Ore Diurne;0;0;1;2;12.45931;41.93133;-1;1;Autobus urbano;In marcia / fermata / arresto;Passeggero;F;Illeso;0;;Non accertato;Inesploso
2863091;20;17/06/2016 14:00;Strada Urbana;LUNGOTEVERE MARESCIALLO CADORNA;da specificare;;;;altezza fermata Atac de Bosis Stadio tennis;Scontro frontale/laterale DX fra veicoli in marcia;Rettilineo;Due carreggiate;Asciutto;Asfaltata;Verticale ed orizzontale;Sereno;Normale;Buona;Ore Diurne;0;0;1;2;12.45931;41.93133;-1;2;Motociclo a solo;In marcia / fermata / arresto;Conducente;M;Deceduto durante prime cure;-1;;;
2863425;11;17/06/2016 08:10;Strada Urbana;VIA DI GROTTA PERFETTA;all'intersezione con;VIALE ERMINIO SPALLA;VIALE ERMINIO SPALLA;;;Scontro laterale fra veicoli in marcia;Incrocio;Due carreggiate;Asciutto;Asfaltata;Verticale ed orizzontale;Nuvoloso;Normale;Buona;Ore Diurne;0;0;0;3;12.51489;41.83245;-1;;;;Pedone;F;Illeso;0;;;
2863425;11;17/06/2016 08:10;Strada Urbana;VIA DI GROTTA PERFETTA;all'intersezione con;VIALE ERMINIO SPALLA;VIALE ERMINIO SPALLA;;;Scontro laterale fra veicoli in marcia;Incrocio;Due carreggiate;Asciutto;Asfaltata;Verticale ed orizzontale;Nuvoloso;Normale;Buona;Ore Diurne;0;0;0;3;12.51489;41.83245;-1;1;Autovettura privata;In marcia / fermata / arresto;Conducente;M;Illeso;0;;Non accertato;Inesploso
2863425;11;17/06/2016 08:10;Strada Urbana;VIA DI GROTTA PERFETTA;all'intersezione con;VIALE ERMINIO SPALLA;VIALE ERMINIO SPALLA;;;Scontro laterale fra veicoli in marcia;Incrocio;Due carreggiate;Asciutto;Asfaltata;Verticale ed orizzontale;Nuvoloso;Normale;Buona;Ore Diurne;0;0;0;3;12.51489;41.83245;-1;2;Motociclo a solo;In marcia / fermata / arresto;Conducente;M;Illeso;0;;Non accertato;
2863463;13;17/06/2016 12:00;Strada Urbana;VIA DI PRATO CORNELIO;all'intersezione con;VIA CESARE MACCARI;VIA CESARE MACCARI;;;Scontro laterale fra veicoli in marcia;Incrocio;Una carreggiata a doppio senso;Asciutto;Asfaltata;Verticale ed orizzontale;Sereno;Normale;Buona;Ore Diurne;2;0;0;1;12.35883;41.77243;-1;1;Autovettura privata;In marcia / fermata / arresto;Conducente;M;Rimandato;0;NON DECEDUTO;Non accertato;Esploso
2863463;13;17/06/2016 12:00;Strada Urbana;VIA DI PRATO CORNELIO;all'intersezione con;VIA CESARE MACCARI;VIA CESARE MACCARI;;;Scontro laterale fra veicoli in marcia;Incrocio;Una carreggiata a doppio senso;Asciutto;Asfaltata;Verticale ed orizzontale;Sereno;Normale;Buona;Ore Diurne;2;0;0;1;12.35883;41.77243;-1;1;Autovettura privata;In marcia / fermata / arresto;Passeggero;F;Rimandato;0;NON DECEDUTO;Non accertato;Inesploso
2863463;13;17/06/2016 12:00;Strada Urbana;VIA DI PRATO CORNELIO;all'intersezione con;VIA CESARE MACCARI;VIA CESARE MACCARI;;;Scontro laterale fra veicoli in marcia;Incrocio;Una carreggiata a doppio senso;Asciutto;Asfaltata;Verticale ed orizzontale;Sereno;Normale;Buona;Ore Diurne;2;0;0;1;12.35883;41.77243;-1;2;Autobus di linea;In marcia / fermata / arresto;Conducente;M;Illeso;0;;Esente;Inesistente
2863491;13;17/06/2016 08:45;Strada Urbana;VIALE DEI ROMAGNOLI;da specificare;;;;in prossimità di via F. DONATI;Tamponamento Multiplo;Rettilineo;Una carreggiata a doppio senso;Asciutto;Asfaltata;Assente;Sereno;Intenso;Buona;Ore Diurne;0;0;0;4;12.34305;41.77693;-1;1;Autovettura privata;In marcia / fermata / arresto;Conducente;M;Illeso;0;;Non accertato;Inesploso
2863491;13;17/06/2016 08:45;Strada Urbana;VIALE DEI ROMAGNOLI;da specificare;;;;in prossimità di via F. DONATI;Tamponamento Multiplo;Rettilineo;Una carreggiata a doppio senso;Asciutto;Asfaltata;Assente;Sereno;Intenso;Buona;Ore Diurne;0;0;0;4;12.34305;41.77693;-1;1;Autovettura privata;In marcia / fermata / arresto;Passeggero;F;Illeso;0;;Non accertato;Inesploso
2863491;13;17/06/2016 08:45;Strada Urbana;VIALE DEI ROMAGNOLI;da specificare;;;;in prossimità di via F. DONATI;Tamponamento Multiplo;Rettilineo;Una carreggiata a doppio senso;Asciutto;Asfaltata;Assente;Sereno;Intenso;Buona;Ore Diurne;0;0;0;4;12.34305;41.77693;-1;2;Autocarro inferiore 35 q.;In marcia / fermata / arresto;Conducente;M;Illeso;0;;Non accertato;Inesploso
2863491;13;17/06/2016 08:45;Strada Urbana;VIALE DEI ROMAGNOLI;da specificare;;;;in prossimità di via F. DONATI;Tamponamento Multiplo;Rettilineo;Una carreggiata a doppio senso;Asciutto;Asfaltata;Assente;Sereno;Intenso;Buona;Ore Diurne;0;0;0;4;12.34305;41.77693;-1;3;Autovettura privata;In marcia / fermata / arresto;Conducente;M;Illeso;0;;Non accertato;Inesploso
2863555;1;18/06/2016 05:00;Strada Urbana;PIAZZALE OSTIENSE;all'intersezione semaforizzata con;VIA RAFFAELE PERSICHETTI;VIA RAFFAELE PERSICHETTI;;;Scontro laterale fra veicoli in marcia;Intersezione semaforizzata;Una carreggiata a senso unico di marcia;Asciutto;Asfaltata;Verticale ed orizzontale;Sereno;Scarso;Buona;Sufficiente;0;0;0;6;12.48135;41.87626;-1;1;Autovettura privata;In marcia / fermata / arresto;Conducente;M;Illeso;0;;Non accertato;
2863555;1;18/06/2016 05:00;Strada Urbana;PIAZZALE OSTIENSE;all'intersezione semaforizzata con;VIA RAFFAELE PERSICHETTI;VIA RAFFAELE PERSICHETTI;;;Scontro laterale fra veicoli in marcia;Intersezione semaforizzata;Una carreggiata a senso unico di marcia;Asciutto;Asfaltata;Verticale ed orizzontale;Sereno;Scarso;Buona;Sufficiente;0;0;0;6;12.48135;41.87626;-1;1;Autovettura privata;In marcia / fermata / arresto;Passeggero;M;Illeso;0;;Non accertato;
2863555;1;18/06/2016 05:00;Strada Urbana;PIAZZALE OSTIENSE;all'intersezione semaforizzata con;VIA RAFFAELE PERSICHETTI;VIA RAFFAELE PERSICHETTI;;;Scontro laterale fra veicoli in marcia;Intersezione semaforizzata;Una carreggiata a senso unico di marcia;Asciutto;Asfaltata;Verticale ed orizzontale;Sereno;Scarso;Buona;Sufficiente;0;0;0;6;12.48135;41.87626;-1;1;Autovettura privata;In marcia / fermata / arresto;Passeggero;M;Illeso;0;;Non accertato;
2863555;1;18/06/2016 05:00;Strada Urbana;PIAZZALE OSTIENSE;all'intersezione semaforizzata con;VIA RAFFAELE PERSICHETTI;VIA RAFFAELE PERSICHETTI;;;Scontro laterale fra veicoli in marcia;Intersezione semaforizzata;Una carreggiata a senso unico di marcia;Asciutto;Asfaltata;Verticale ed orizzontale;Sereno;Scarso;Buona;Sufficiente;0;0;0;6;12.48135;41.87626;-1;2;Autovettura privata;In marcia / fermata / arresto;Conducente;M;Illeso;0;;Non accertato;
2863561;4;17/06/2016 08:00;Strada Urbana;VIA LUIGI CAPUANA;in prossimità;;del civico n.;83;;Scontro laterale fra veicoli in marcia;Rettilineo;Due carreggiate;Asciutto;Asfaltata;Assente;Nuvoloso;Normale;Buona;Ore Diurne;2;0;0;1;12.54725;41.94525;-1;1;Autovettura privata;In marcia / fermata / arresto;Conducente;M;Illeso;0;;;
2863561;4;17/06/2016 08:00;Strada Urbana;VIA LUIGI CAPUANA;in prossimità;;del civico n.;83;;Scontro laterale fra veicoli in marcia;Rettilineo;Due carreggiate;Asciutto;Asfaltata;Assente;Nuvoloso;Normale;Buona;Ore Diurne;2;0;0;1;12.54725;41.94525;-1;3;Motociclo a solo;In marcia / fermata / arresto;Conducente;M;Rifiuta cure immediate;0;NON DECEDUTO;;
2863561;4;17/06/2016 08:00;Strada Urbana;VIA LUIGI CAPUANA;in prossimità;;del civico n.;83;;Scontro laterale fra veicoli in marcia;Rettilineo;Due carreggiate;Asciutto;Asfaltata;Assente;Nuvoloso;Normale;Buona;Ore Diurne;2;0;0;1;12.54725;41.94525;-1;3;Motociclo a solo;In marcia / fermata / arresto;Passeggero;F;Rimandato;0;NON DECEDUTO;Non accertato;
2863583;4;17/06/2016 09:15;Strada Urbana;VIA VAL D'ALA;all'intersezione con;VIA VAL CISMON;VIA VAL CISMON;;;Scontro frontale/laterale DX fra veicoli in marcia;Incrocio;Una carreggiata a doppio senso;Asciutto;Asfaltata;Orizzontale;Sereno;Normale;Buona;Ore Diurne;0;0;0;2;12.51625;41.94257;-1;1;Autovettura privata;In marcia / fermata / arresto;Conducente;F;Illeso;0;;Non accertato;
2863583;4;17/06/2016 09:15;Strada Urbana;VIA VAL D'ALA;all'intersezione con;VIA VAL CISMON;VIA VAL CISMON;;;Scontro frontale/laterale DX fra veicoli in marcia;Incrocio;Una carreggiata a doppio senso;Asciutto;Asfaltata;Orizzontale;Sereno;Normale;Buona;Ore Diurne;0;0;0;2;12.51625;41.94257;-1;2;Autovettura privata;In marcia / fermata / arresto;Conducente;F;Illeso;0;;Non accertato;
2863589;4;17/06/2016 18:10;Statale entro l'abitato;VIA SALARIA;in corrispondenza;;del civico n.;1492;;Scontro frontale/laterale SX fra veicoli in marcia;Rettilineo;Una carreggiata a doppio senso;Asciutto;Asfaltata;Verticale ed orizzontale;Nebbia;Normale;Buona;Ore Diurne;0;0;0;8;12.51963;42.00889;-1;1;Autocarro inferiore 35 q.;In marcia / fermata / arresto;Passeggero;M;Illeso;0;;Non accertato;
2863589;4;17/06/2016 18:10;Statale entro l'abitato;VIA SALARIA;in corrispondenza;;del civico n.;1492;;Scontro frontale/laterale SX fra veicoli in marcia;Rettilineo;Una carreggiata a doppio senso;Asciutto;Asfaltata;Verticale ed orizzontale;Nebbia;Normale;Buona;Ore Diurne;0;0;0;8;12.51963;42.00889;-1;1;Autocarro inferiore 35 q.;In marcia / fermata / arresto;Passeggero;M;Illeso;0;;Non accertato;
2863589;4;17/06/2016 18:10;Statale entro l'abitato;VIA SALARIA;in corrispondenza;;del civico n.;1492;;Scontro frontale/laterale SX fra veicoli in marcia;Rettilineo;Una carreggiata a doppio senso;Asciutto;Asfaltata;Verticale ed orizzontale;Nebbia;Normale;Buona;Ore Diurne;0;0;0;8;12.51963;42.00889;-1;1;Autocarro inferiore 35 q.;In marcia / fermata / arresto;Conducente;M;Illeso;0;;Non accertato;