Protocollo;Gruppo;DataOraIncidente;Localizzazione1;STRADA1;Localizzazione2;STRADA2;Strada02;Chilometrica;DaSpecificare;NaturaIncidente;particolaritastrade;TipoStrada;FondoStradale;Pavimentazione;Segnaletica;CondizioneAtmosferica;Traffico;Visibilita;Illuminazione;NUM_FERITI;NUM_RISERVATA;NUM_MORTI;NUM_ILLESI;Longitudine;Latitudine;Confermato;Progressivo;TipoVeicolo;StatoVeicolo;TipoPersona;Sesso;Tipolesione;Deceduto;DecedutoDopo;CinturaCascoUtilizzato;Airbag
2864763;23;17/06/2016 17:15;Comunale extraurbana;VIA CRISTOFORO COLOMBO;all'intersezione semaforizzata con;VIA DEL CANALE DELLA LINGUA;VIA DEL CANALE DELLA LINGUA;;;Scontro frontale/laterale DX fra veicoli in marcia;Intersezione semaforizzata;Più di due carreggiate;Asciutto;Asfaltata;Verticale ed orizzontale;Nuvoloso;Normale;Buona;Ore Diurne;1;0;0;2;12.34574;41.73648;-1;1;Autovettura privata;In marcia / fermata / arresto;Passeggero;M;Illeso;0;;Non accertato;Inesploso
2864763;23;17/06/2016 17:15;Comunale extraurbana;VIA CRISTOFORO COLOMBO;all'intersezione semaforizzata con;VIA DEL CANALE DELLA LINGUA;VIA DEL CANALE DELLA LINGUA;;;Scontro frontale/laterale DX fra veicoli in marcia;Intersezione semaforizzata;Più di due carreggiate;Asciutto;Asfaltata;Verticale ed orizzontale;Nuvoloso;Normale;Buona;Ore Diurne;1;0;0;2;12.34574;41.73648;-1;2;Motociclo con passeggero;In marcia / fermata / arresto;Conducente;M;Rifiuta cure immediate;0;NON DECEDUTO;Utilizzato;
2864769;1;17/06/2016 10:10;Strada Urbana;PIAZZA DELLA ROVERE;all'intersezione semaforizzata con;PONTE PRINCIPE AMEDEO SAVOIA AOSTA;PONTE PRINCIPE AMEDEO SAVOIA AOSTA;;;Investimento di pedone;Intersezione semaforizzata;Una carreggiata a senso unico di marcia;Asciutto;Asfaltata;Verticale ed orizzontale;Sereno;Normale;Buona;Ore Diurne;1;0;0;1;12.46261;41.8993;-1;;;;Pedone;M;Rimandato;0;NON DECEDUTO;;
2864769;1;17/06/2016 10:10;Strada Urbana;PIAZZA DELLA ROVERE;all'intersezione semaforizzata con;PONTE PRINCIPE AMEDEO SAVOIA AOSTA;PONTE PRINCIPE AMEDEO SAVOIA AOSTA;;;Investimento di pedone;Intersezione semaforizzata;Una carreggiata a senso unico di marcia;Asciutto;Asfaltata;Verticale ed orizzontale;Sereno;Normale;Buona;Ore Diurne;1;0;0;1;12.46261;41.8993;-1;1;Autovettura privata;In marcia / fermata / arresto;Conducente;M;Illeso;0;;Non accertato;
2864773;23;17/06/2016 18:30;Strada Urbana;LUNGOTEVERE DEGLI ALBERTESCHI;all'intersezione con;PIAZZA CASTELLANI;PIAZZA CASTELLANI;;;Scontro frontale/laterale DX fra veicoli in marcia;Intersezione stradale segnalata;Una carreggiata a senso unico di marcia;Asciutto;Asfaltata;Verticale ed orizzontale;Sereno;Normale;Buona;Ore Diurne;1;0;0;2;12.47803;41.88919;-1;1;Autovettura privata;In marcia / fermata / arresto;Conducente;F;Illeso;0;;Utilizzato;Inesploso
2864773;23;17/06/2016 18:30;Strada Urbana;LUNGOTEVERE DEGLI ALBERTESCHI;all'intersezione con;PIAZZA CASTELLANI;PIAZZA CASTELLANI;;;Scontro frontale/laterale DX fra veicoli in marcia;Intersezione stradale segnalata;Una carreggiata a senso unico di marcia;Asciutto;Asfaltata;Verticale ed orizzontale;Sereno;Normale;Buona;Ore Diurne;1;0;0;2;12.47803;41.88919;-1;2;Motociclo con passeggero;In marcia / fermata / arresto;Conducente;F;Rimandato;0;NON DECEDUTO;Utilizzato;
2864773;23;17/06/2016 18:30;Strada Urbana;LUNGOTEVERE DEGLI ALBERTESCHI;all'intersezione con;PIAZZA CASTELLANI;PIAZZA CASTELLANI;;;Scontro frontale/laterale DX fra veicoli in marcia;Intersezione stradale segnalata;Una carreggiata a senso unico di marcia;Asciutto;Asfaltata;Verticale ed orizzontale;Sereno;Normale;Buona;Ore Diurne;1;0;0;2;12.47803;41.88919;-1;2;Motociclo con passeggero;In marcia / fermata / arresto;Passeggero;F;Illeso;0;;Utilizzato;
2864775;10;19/06/2016 05:14;Strada Urbana;VIA VINCENZO LAMARO;all'intersezione con;VIA QUINTO PUBLICIO;VIA QUINTO PUBLICIO;;;Fuoriuscita dalla sede stradale;Incrocio;Una carreggiata a senso unico di marcia;Asciutto;Asfaltata;Verticale ed orizzontale;Sereno;Scarso;Buona;Ore Diurne;0;0;0;1;12.57543;41.85622;-1;1;Autovettura privata;In marcia / fermata / arresto;Conducente;M;Illeso;0;;Non accertato;Inesploso
2864781;23;18/06/2016 09:00;Strada Urbana;LUNGOTEVERE DEGLI INVENTORI;da specificare;;;;fronte civico n. 136;Tamponamento;Rettilineo;Una carreggiata a doppio senso;Asciutto;Asfaltata;Orizzontale;Sereno;Normale;Buona;Ore Diurne;0;0;0;4;12.46715;41.86111;-1;1;Autovettura privata;In marcia / fermata / arresto;Conducente;F;Illeso;0;;Non accertato;Inesploso
2864781;23;18/06/2016 09:00;Strada Urbana;LUNGOTEVERE DEGLI INVENTORI;da specificare;;;;fronte civico n. 136;Tamponamento;Rettilineo;Una carreggiata a doppio senso;Asciutto;Asfaltata;Orizzontale;Sereno;Normale;Buona;Ore Diurne;0;0;0;4;12.46715;41.86111;-1;2;Autovettura privata;In marcia / fermata / arresto;Conducente;M;Illeso;0;;Non accertato;Inesploso
2864781;23;18/06/2016 09:00;Strada Urbana;LUNGOTEVERE DEGLI INVENTORI;da specificare;;;;fronte civico n. 136;Tamponamento;Rettilineo;Una carreggiata a doppio senso;Asciutto;Asfaltata;Orizzontale;Sereno;Normale;Buona;Ore Diurne;0;0;0;4;12.46715;41.86111;-1;2;Autovettura privata;In marcia / fermata / arresto;Passeggero;F;Illeso;0;;Non accertato;Inesploso
2864781;23;18/06/2016 09:00;Strada Urbana;LUNGOTEVERE DEGLI INVENTORI;da specificare;;;;fronte civico n. 136;Tamponamento;Rettilineo;Una carreggiata a doppio senso;Asciutto;Asfaltata;Orizzontale;Sereno;Normale;Buona;Ore Diurne;0;0;0;4;12.46715;41.86111;-1;2;Autovettura privata;In marcia / fermata / arresto;Passeggero;F;Illeso;0;;Non accertato;Inesploso
2864786;1;18/06/2016 08:35;Strada Urbana;PORTO DI RIPA GRANDE;all'intersezione semaforizzata con;PIAZZA DI PORTA PORTESE;PIAZZA DI PORTA PORTESE;;;Scontro laterale fra veicoli in marcia;Intersezione semaforizzata;Una carreggiata a senso unico di marcia;Asciutto;Asfaltata;Verticale ed orizzontale;Sereno;Normale;Buona;Ore Diurne;0;0;0;3;12.47648;41.88514;-1;1;Autovettura di polizia;In marcia / fermata / arresto;Conducente;F;Illeso;0;;Non accertato;
2864786;1;18/06/2016 08:35;Strada Urbana;PORTO DI RIPA GRANDE;all'intersezione semaforizzata con;PIAZZA DI PORTA PORTESE;PIAZZA DI PORTA PORTESE;;;Scontro laterale fra veicoli in marcia;Intersezione semaforizzata;Una carreggiata a senso unico di marcia;Asciutto;Asfaltata;Verticale ed orizzontale;Sereno;Normale;Buona;Ore Diurne;0;0;0;3;12.47648;41.88514;-1;1;Autovettura di polizia;In marcia / fermata / arresto;Passeggero;M;Illeso;0;;Non accertato;
2864786;1;18/06/2016 08:35;Strada Urbana;PORTO DI RIPA GRANDE;all'intersezione semaforizzata con;PIAZZA DI PORTA PORTESE;PIAZZA DI PORTA PORTESE;;;Scontro laterale fra veicoli in marcia;Intersezione semaforizzata;Una carreggiata a senso unico di marcia;Asciutto;Asfaltata;Verticale ed orizzontale;Sereno;Normale;Buona;Ore Diurne;0;0;0;3;12.47648;41.88514;-1;2;Autovettura privata;In marcia / fermata / arresto;Conducente;F;Illeso;0;;Non accertato;
2864793;12;18/06/2016 04:30;Strada Urbana;VIALE DELL'INDUSTRIA;da specificare;;;;prossimità V.le dell'Atletica;Veicolo in marcia contro veicolo arresto;Rettilineo;Una carreggiata a doppio senso;Asciutto;Asfaltata;Verticale ed orizzontale;Sereno;Scarso;Buona;Sufficiente;0;0;0;6;12.47473;41.83875;-1;1;Autovettura privata;In marcia / fermata / arresto;Conducente;M;Illeso;0;;Utilizzato;Inesploso
2864793;12;18/06/2016 04:30;Strada Urbana;VIALE DELL'INDUSTRIA;da specificare;;;;prossimità V.le dell'Atletica;Veicolo in marcia contro veicolo arresto;Rettilineo;Una carreggiata a doppio senso;Asciutto;Asfaltata;Verticale ed orizzontale;Sereno;Scarso;Buona;Sufficiente;0;0;0;6;12.47473;41.83875;-1;1;Autovettura privata;In marcia / fermata / arresto;Passeggero;F;Illeso;0;;Utilizzato;Inesploso
2864793;12;18/06/2016 04:30;Strada Urbana;VIALE DELL'INDUSTRIA;da specificare;;;;prossimità V.le dell'Atletica;Veicolo in marcia contro veicolo arresto;Rettilineo;Una carreggiata a doppio senso;Asciutto;Asfaltata;Verticale ed orizzontale;Sereno;Scarso;Buona;Sufficiente;0;0;0;6;12.47473;41.83875;-1;1;Autovettura privata;In marcia / fermata / arresto;Passeggero;M;Illeso;0;;Utilizzato;Inesploso
2864793;12;18/06/2016 04:30;Strada Urbana;VIALE DELL'INDUSTRIA;da specificare;;;;prossimità V.le dell'Atletica;Veicolo in marcia contro veicolo arresto;Rettilineo;Una carreggiata a doppio senso;Asciutto;Asfaltata;Verticale ed orizzontale;Sereno;Scarso;Buona;Sufficiente;0;0;0;6;12.47473;41.83875;-1;2;Autovettura privata;In marcia / fermata / arresto;Conducente;F;Illeso;0;;Utilizzato;Inesploso
2864793;12;18/06/2016 04:30;Strada Urbana;VIALE DELL'INDUSTRIA;da specificare;;;;prossimità V.le dell'Atletica;Veicolo in marcia contro veicolo arresto;Rettilineo;Una carreggiata a doppio senso;Asciutto;Asfaltata;Verticale ed orizzontale;Sereno;Scarso;Buona;Sufficiente;0;0;0;6;12.47473;41.83875;-1;2;Autovettura privata;In marcia / fermata / arresto;Passeggero;M;Illeso;0;;Utilizzato;Inesploso
2864815;1;18/06/2016 12:45;Strada Urbana;LUNGOTEVERE DEI PIERLEONI;da specificare;;;;IN CORRISPONDENZA PIAZZA GERUSALEMME;Scontro frontale/laterale DX fra veicoli in marcia;Rettilineo;Una carreggiata a senso unico di marcia;Asciutto;Asfaltata;Verticale ed orizzontale;Sereno;Normale;Buona;Ore Diurne;1;0;0;2;12.47955;41.89059;-1;1;Autovettura privata;In marcia / fermata / arresto;Conducente;F;Illeso;0;;Non accertato;Inesploso
2864815;1;18/06/2016 12:45;Strada Urbana;LUNGOTEVERE DEI PIERLEONI;da specificare;;;;IN CORRISPONDENZA PIAZZA GERUSALEMME;Scontro frontale/laterale DX fra veicoli in marcia;Rettilineo;Una carreggiata a senso unico di marcia;Asciutto;Asfaltata;Verticale ed orizzontale;Sereno;Normale;Buona;Ore Diurne;1;0;0;2;12.47955;41.89059;-1;1;Autovettura privata;In marcia / fermata / arresto;Passeggero;M;Illeso;0;;Non accertato;Inesploso
2864815;1;18/06/2016 12:45;Strada Urbana;LUNGOTEVERE DEI PIERLEONI;da specificare;;;;IN CORRISPONDENZA PIAZZA GERUSALEMME;Scontro frontale/laterale DX fra veicoli in marcia;Rettilineo;Una carreggiata a senso unico di marcia;Asciutto;Asfaltata;Verticale ed orizzontale;Sereno;Normale;Buona;Ore Diurne;1;0;0;2;12.47955;41.89059;-1;2;Motociclo a solo;In marcia / fermata / arresto;Conducente;M;Rimandato;0;NON DECEDUTO;;
2864827;2;17/06/2016 17:35;Strada Urbana;VIA CESARE FRACASSINI;all'intersezione con;VIA ANTONIO ALLEGRI DA CORREGGIO;VIA ANTONIO ALLEGRI DA CORREGGIO;;;Scontro frontale/laterale DX fra veicoli in marcia;Incrocio;Una carreggiata a senso unico di marcia;Asciutto;Asfaltata;Verticale ed orizzontale;Sereno;Normale;Buona;Ore Diurne;0;0;0;2;12.4696;41.92331;-1;1;Autovettura privata;In marcia / fermata / arresto;Conducente;F;Illeso;0;;;
2864827;2;17/06/2016 17:35;Strada Urbana;VIA CESARE FRACASSINI;all'intersezione con;VIA ANTONIO ALLEGRI DA CORREGGIO;VIA ANTONIO ALLEGRI DA CORREGGIO;;;Scontro frontale/laterale DX fra veicoli in marcia;Incrocio;Una carreggiata a senso unico di marcia;Asciutto;Asfaltata;Verticale ed orizzontale;Sereno;Normale;Buona;Ore Diurne;0;0;0;2;12.4696;41.92331;-1;2;Autovettura privata;In marcia / fermata / arresto;Conducente;M;Illeso;0;;;
2864830;2;17/06/2016 19:45;Strada Urbana;LARGO ILDEBRANDO PIZZETTI;in prossimità;;del civico n.;4;;Scontro frontale/laterale DX fra veicoli in marcia;Curva a visuale libera;Una carreggiata a doppio senso;Asciutto;Asfaltata;Verticale ed orizzontale;Nuvoloso;Scarso;Buona;Ore Diurne;1;0;0;3;12.4864;41.92177;-1;1;Motociclo a solo;In marcia / fermata / arresto;Conducente;F;Rifiuta cure immediate;0;NON DECEDUTO;;
2864830;2;17/06/2016 19:45;Strada Urbana;LARGO ILDEBRANDO PIZZETTI;in prossimità;;del civico n.;4;;Scontro frontale/laterale DX fra veicoli in marcia;Curva a visuale libera;Una carreggiata a doppio senso;Asciutto;Asfaltata;Verticale ed orizzontale;Nuvoloso;Scarso;Buona;Ore Diurne;1;0;0;3;12.4864;41.92177;-1;2;Autovettura privata;In marcia / fermata / arresto;Conducente;M;Illeso;0;;;
2864830;2;17/06/2016 19:45;Strada Urbana;LARGO ILDEBRANDO PIZZETTI;in prossimità;;del civico n.;4;;Scontro frontale/laterale DX fra veicoli in marcia;Curva a visuale libera;Una carreggiata a doppio senso;Asciutto;Asfaltata;Verticale ed orizzontale;Nuvoloso;Scarso;Buona;Ore Diurne;1;0;0;3;12.4864;41.92177;-1;2;Autovettura privata;In marcia / fermata / arresto;Passeggero;F;Illeso;0;;;
2864830;2;17/06/2016 19:45;Strada Urbana;LARGO ILDEBRANDO PIZZETTI;in prossimità;;del civico n.;4;;Scontro frontale/laterale DX fra veicoli in marcia;Curva a visuale libera;Una carreggiata a doppio senso;Asciutto;Asfaltata;Verticale ed orizzontale;Nuvoloso;Scarso;Buona;Ore Diurne;1;0;0;3;12.4864;41.92177;-1;2;Autovettura privata;In marcia / fermata / arresto;Passeggero;F;Illeso;0;;;
2864833;2;17/06/2016 21:20;Strada Urbana;LARGO BANGLADESH;da specificare;;;;alt. via Panama;Scontro laterale fra veicoli in marcia;Rotatoria;Una carreggiata a doppio senso;Asciutto;Asfaltata;Verticale ed orizzontale;Nuvoloso;Scarso;Buona;Sufficiente;0;0;0;7;12.49806;41.92479;-1;1;Ciclomotore con passeggero;In marcia / fermata / arresto;Conducente;M;Illeso;0;;;
2864833;2;17/06/2016 21:20;Strada Urbana;LARGO BANGLADESH;da specificare;;;;alt. via Panama;Scontro laterale fra veicoli in marcia;Rotatoria;Una carreggiata a doppio senso;Asciutto;Asfaltata;Verticale ed orizzontale;Nuvoloso;Scarso;Buona;Sufficiente;0;0;0;7;12.49806;41.92479;-1;1;Ciclomotore con passeggero;In marcia / fermata / arresto;Passeggero;F;Illeso;0;;;
2864833;2;17/06/2016 21:20;Strada Urbana;LARGO BANGLADESH;da specificare;;;;alt. via Panama;Scontro laterale fra veicoli in marcia;Rotatoria;Una carreggiata a doppio senso;Asciutto;Asfaltata;Verticale ed orizzontale;Nuvoloso;Scarso;Buona;Sufficiente;0;0;0;7;12.49806;41.92479;-1;2;Autovettura privata;In marcia / fermata / arresto;Conducente;M;Illeso;0;;;
2864833;2;17/06/2016 21:20;Strada Urbana;LARGO BANGLADESH;da specificare;;;;alt. via Panama;Scontro laterale fra veicoli in marcia;Rotatoria;Una carreggiata a doppio senso;Asciutto;Asfaltata;Verticale ed orizzontale;Nuvoloso;Scarso;Buona;Sufficiente;0;0;0;7;12.49806;41.92479;-1;2;Autovettura privata;In marcia / fermata / arresto;Passeggero;M;Illeso;0;;;
2864833;2;17/06/2016 21:20;Strada Urbana;LARGO BANGLADESH;da specificare;;;;alt. via Panama;Scontro laterale fra veicoli in marcia;Rotatoria;Una carreggiata a doppio senso;Asciutto;Asfaltata;Verticale ed orizzontale;Nuvoloso;Scarso;Buona;Sufficiente;0;0;0;7;12.49806;41.92479;-1;2;Autovettura privata;In marcia / fermata / arresto;Passeggero;M;Illeso;0;;;
2864833;2;17/06/2016 21:20;Strada Urbana;LARGO BANGLADESH;da specificare;;;;alt. via Panama;Scontro laterale fra veicoli in marcia;Rotatoria;Una carreggiata a doppio senso;Asciutto;Asfaltata;Verticale ed orizzontale;Nuvoloso;Scarso;Buona;Sufficiente;0;0;0;7;12.49806;41.92479;-1;2;Autovettura privata;In marcia / fermata / arresto;Passeggero;M;Illeso;0;;;
2864833;2;17/06/2016 21:20;Strada Urbana;LARGO BANGLADESH;da specificare;;;;alt. via Panama;Scontro laterale fra veicoli in marcia;Rotatoria;Una carreggiata a doppio senso;Asciutto;Asfaltata;Verticale ed orizzontale;Nuvoloso;Scarso;Buona;Sufficiente;0;0;0;7;12.49806;41.92479;-1;2;Autovettura privata;In marcia / fermata / arresto;Passeggero;M;Illeso;0;;;
2864834;2;19/06/2016 00:35;Strada Urbana;LUNGOTEVERE FLAMINIO;in prossimità;;del civico n.;14;;Veicolo in marcia contro veicoli in sosta;Rettilineo;Una carreggiata a doppio senso;Asciutto;Asfaltata;Verticale ed orizzontale;Sereno;Normale;Buona;Sufficiente;0;0;0;1;12.47121;41.92041;-1;1;Autovettura privata;In marcia / fermata / arresto;Conducente;M;Illeso;0;;;
2864835;9;19/06/2016 10:25;Strada Urbana;VIA APPIA NUOVA;all'intersezione con;VIA LAVINIO;VIA LAVINIO;;;Scontro frontale/laterale DX fra veicoli in marcia;Intersezione stradale segnalata;Due carreggiate;Asciutto;Asfaltata;Verticale ed orizzontale;Sereno;Normale;Buona;Ore Diurne;0;0;0;2;12.51286;41.88268;-1;1;Autovettura privata;In marcia / fermata / arresto;Conducente;M;Illeso;0;;Non accertato;Inesploso
2864835;9;19/06/2016 10:25;Strada Urbana;VIA APPIA NUOVA;all'intersezione con;VIA LAVINIO;VIA LAVINIO;;;Scontro frontale/laterale DX fra veicoli in marcia;Intersezione stradale segnalata;Due carreggiate;Asciutto;Asfaltata;Verticale ed orizzontale;Sereno;Normale;Buona;Ore Diurne;0;0;0;2;12.51286;41.88268;-1;2;Autovettura privata;In marcia / fermata / arresto;Conducente;F;Illeso;0;;Non accertato;Inesploso
2864838;1;18/06/2016 12:00;Strada Urbana;VIA DEL CIRCO MASSIMO;in prossimità;;del palo luce n.;24;;Tamponamento;Rettilineo;Una carreggiata a doppio senso;Asciutto;Asfaltata;Verticale ed orizzontale;Sereno;Normale;Buona;Ore Diurne;1;0;0;3;12.48522;41.88529;-1;1;Autovettura privata;In marcia / fermata / arresto;Conducente;F;Illeso;0;;Non accertato;
2864838;1;18/06/2016 12:00;Strada Urbana;VIA DEL CIRCO MASSIMO;in prossimità;;del palo luce n.;24;;Tamponamento;Rettilineo;Una carreggiata a doppio senso;Asciutto;Asfaltata;Verticale ed orizzontale;Sereno;Normale;Buona;Ore Diurne;1;0;0;3;12.48522;41.88529;-1;1;Autovettura privata;In marcia / fermata / arresto;Passeggero;M;Illeso;0;;Non accertato;
2864838;1;18/06/2016 12:00;Strada Urbana;VIA DEL CIRCO MASSIMO;in prossimità;;del palo luce n.;24;;Tamponamento;Rettilineo;Una carreggiata a doppio senso;Asciutto;Asfaltata;Verticale ed orizzontale;Sereno;Normale;Buona;Ore Diurne;1;0;0;3;12.48522;41.88529;-1;2;Autovettura privata;In marcia / fermata / arresto;Conducente;M;Illeso;0;;Non accertato;
2864838;1;18/06/2016 12:00;Strada Urbana;VIA DEL CIRCO MASSIMO;in prossimità;;del palo luce n.;24;;Tamponamento;Rettilineo;Una carreggiata a doppio senso;Asciutto;Asfaltata;Verticale ed orizzontale;Sereno;Normale;Buona;Ore Diurne;1;0;0;3;12.48522;41.88529;-1;2;Autovettura privata;In marcia / fermata / arresto;Passeggero;F;Rimandato;0;NON DECEDUTO;Non accertato;
2864849;6;18/06/2016 13:00;Strada Urbana;VIA DINO PENAZZATO;all'intersezione con;VIA ANDREA COSTA;VIA ANDREA COSTA;;;Tamponamento;Intersezione stradale segnalata;Una carreggiata a doppio senso;Asciutto;Asfaltata;Orizzontale;Sereno;Scarso;Buona;Ore Diurne;0;0;0;2;12.56542;41.89842;-1;1;Autovettura privata;In marcia / fermata / arresto;Conducente;M;Illeso;0;;;
2864849;6;18/06/2016 13:00;Strada Urbana;VIA DINO PENAZZATO;all'intersezione con;VIA ANDREA COSTA;VIA ANDREA COSTA;;;Tamponamento;Intersezione stradale segnalata;Una carreggiata a doppio senso;Asciutto;Asfaltata;Orizzontale;Sereno;Scarso;Buona;Ore Diurne;0;0;0;2;12.56542;41.89842;-1;2;Autovettura privata;In marcia / fermata / arresto;Conducente;F;Illeso;0;;Non accertato;Inesploso
2864859;1;18/06/2016 11:50;Strada Urbana;VIA DELLA NAVICELLA;da specificare;;;;ALTEZZA ALBERO 72;Veicolo in marcia contro ostacolo fisso;Rettilineo;Una carreggiata a doppio senso;Asciutto;Asfaltata;Verticale ed orizzontale;Sereno;Scarso;Buona;Ore Diurne;0;0;0;1;12.49625;41.88392;-1;1;Autovettura privata;In marcia / fermata / arresto;Conducente;F;Illeso;0;;Non accertato;
2864863;6;18/06/2016 15:30;Strada Urbana;VIA TEANO;in corrispondenza;;del civico n.;223;;Infortunio per sola frenata improvvisa;Rettilineo;Due carreggiate;Asciutto;Asfaltata;Orizzontale;Sereno;Normale;Buona;Ore Diurne;1;0;0;1;12.54932;41.8894;-1;1;Motociclo a solo;In marcia / fermata / arresto;Conducente;M;Rimandato;0;NON DECEDUTO;Utilizzato;
2864863;6;18/06/2016 15:30;Strada Urbana;VIA TEANO;in corrispondenza;;del civico n.;223;;Infortunio per sola frenata improvvisa;Rettilineo;Due carreggiate;Asciutto;Asfaltata;Orizzontale;Sereno;Normale;Buona;Ore Diurne;1;0;0;1;12.54932;41.8894;-1;2;Autovettura privata;In marcia / fermata / arresto;Conducente;F;Illeso;0;;Non accertato;Inesploso
2864874;10;19/06/2016 11:45;Strada Urbana;VIA ROGHUDI;in prossimità;;del civico n.;51;;Veicolo in marcia contro ostacolo accidentale;Pendenza;Una carreggiata a doppio senso;Asciutto;Asfaltata;Assente;Nuvoloso;Scarso;Buona;Ore Diurne;1;0;0;0;12.62183;41.81786;-1;1;Velocipede;In marcia / fermata / arresto;Conducente;M;Rimandato;0;NON DECEDUTO;Esente;
2864878;1;18/06/2016 16:45;Strada Urbana;PIAZZA DI S. MARIA LIBERATRICE;in corrispondenza;;del civico n.;1;;Veicolo in marcia contro veicolo in sosta;Rettilineo;Una carreggiata a senso unico di marcia;Asciutto;Asfaltata;Verticale;Sereno;Normale;Buona;Ore Diurne;0;0;0;2;12.47449;41.87961;-1;2;Autovettura privata;In marcia / fermata / arresto;Conducente;F;Illeso;0;;Non accertato;
2864878;1;18/06/2016 16:45;Strada Urbana;PIAZZA DI S. MARIA LIBERATRICE;in corrispondenza;;del civico n.;1;;Veicolo in marcia contro veicolo in sosta;Rettilineo;Una carreggiata a senso unico di marcia;Asciutto;Asfaltata;Verticale;Sereno;Normale;Buona;Ore Diurne;0;0;0;2;12.47449;41.87961;-1;2;Autovettura privata;In marcia / fermata / arresto;Passeggero;F;Illeso;0;;;
2864880;6;18/06/2016 13:40;Strada Urbana;VIA TOR DE' SCHIAVI;in prossimità;;del civico n.;398/a;;Scontro frontale fra veicoli in marcia;Rettilineo;Due carreggiate;Asciutto;Asfaltata;Orizzontale;Sereno;Normale;Buona;Ore Diurne;1;0;0;1;12.55964;41.89342;-1;1;Ciclomotore;In marcia / fermata / arresto;Conducente;M;Ricoverato;0;NON DECEDUTO;Non accertato;
2864880;6;18/06/2016 13:40;Strada Urbana;VIA TOR DE' SCHIAVI;in prossimità;;del civico n.;398/a;;Scontro frontale fra veicoli in marcia;Rettilineo;Due carreggiate;Asciutto;Asfaltata;Orizzontale;Sereno;Normale;Buona;Ore Diurne;1;0;0;1;12.55964;41.89342;-1;2;Autocarro inferiore 35 q.;In marcia / fermata / arresto;Conducente;M;Illeso;0;;Non accertato;Inesploso
2864892;6;19/06/2016 11:10;Strada Urbana;VIA DINO PENAZZATO;in prossimità;;del civico n.;91;;Veicolo in marcia contro veicolo arresto;Rettilineo;Una carreggiata a doppio senso;Asciutto;Asfaltata;Orizzontale;Sereno;Normale;Buona;Ore Diurne;0;0;0;2;12.56536;41.89824;-1;1;Autovettura privata;In marcia / fermata / arresto;Conducente;M;Illeso;0;;;
2864892;6;19/06/2016 11:10;Strada Urbana;VIA DINO PENAZZATO;in prossimità;;del civico n.;91;;Veicolo in marcia contro veicolo arresto;Rettilineo;Una carreggiata a doppio senso;Asciutto;Asfaltata;Orizzontale;Sereno;Normale;Buona;Ore Diurne;0;0;0;2;12.56536;41.89824;-1;2;Autovettura privata;In marcia / fermata / arresto;Conducente;M;Illeso;0;;;
2864919;20;18/06/2016 14:40;Strada Urbana;CORSO DI FRANCIA;da specificare;;;;in prossimità di via flaminia;Tamponamento;Rettilineo;Due carreggiate;Asciutto;Asfaltata;Verticale ed orizzontale;Sereno;Scarso;Buona;Ore Diurne;1;0;0;1;12.47082;41.94156;-1;1;Autovettura privata;In marcia / fermata / arresto;Conducente;M;Illeso;0;;;
2864919;20;18/06/2016 14:40;Strada Urbana;CORSO DI FRANCIA;da specificare;;;;in prossimità di via flaminia;Tamponamento;Rettilineo;Due carreggiate;Asciutto;Asfaltata;Verticale ed orizzontale;Sereno;Scarso;Buona;Ore Diurne;1;0;0;1;12.47082;41.94156;-1;2;Motociclo a solo;In marcia / fermata / arresto;Conducente;M;Rimandato;0;NON DECEDUTO;;
2864946;20;18/06/2016 18:50;Strada Urbana;VIA GIOVANNI ARRIVABENE;in prossimità;;del civico n.;40;;Infortunio per caduta del veicolo;Curva senza visuale libera;Una carreggiata a senso unico di marcia;Sdrucciolevole (pietrisco);Asfaltata;Assente;Sereno;Scarso;Buona;Ore Diurne;0;0;0;1;12.46771;41.94444;-1;1;Motociclo a solo;In marcia / fermata / arresto;Conducente;F;Illeso;0;;;
2864961;20;18/06/2016 16:40;Regionale entro l'abitato;VIA CASSIA;da specificare;;;;fronte civico 1791;Tamponamento;Rettilineo;Una carreggiata a doppio senso;Asciutto;Asfaltata;Orizzontale;Sereno;Normale;Buona;Ore Diurne;1;0;0;4;12.37476;42.00811;-1;1;Autovettura privata;In marcia / fermata / arresto;Passeggero;M;Illeso;0;;;
2864961;20;18/06/2016 16:40;Regionale entro l'abitato;VIA CASSIA;da specificare;;;;fronte civico 1791;Tamponamento;Rettilineo;Una carreggiata a doppio senso;Asciutto;Asfaltata;Orizzontale;Sereno;Normale;Buona;Ore Diurne;1;0;0;4;12.37476;42.00811;-1;1;Autovettura privata;In marcia / fermata / arresto;Passeggero;F;Illeso;0;;;
2864961;20;18/06/2016 16:40;Regionale entro l'abitato;VIA CASSIA;da specificare;;;;fronte civico 1791;Tamponamento;Rettilineo;Una carreggiata a doppio senso;Asciutto;Asfaltata;Orizzontale;Sereno;Normale;Buona;Ore Diurne;1;0;0;4;12.37476;42.00811;-1;1;Autovettura privata;In marcia / fermata / arresto;Conducente;M;Illeso;0;;;
2864961;20;18/06/2016 16:40;Regionale entro l'abitato;VIA CASSIA;da specificare;;;;fronte civico 1791;Tamponamento;Rettilineo;Una carreggiata a doppio senso;Asciutto;Asfaltata;Orizzontale;Sereno;Normale;Buona;Ore Diurne;1;0;0;4;12.37476;42.00811;-1;1;Autovettura privata;In marcia / fermata / arresto;Passeggero;F;Illeso;0;;;