Protocollo;Gruppo;DataOraIncidente;Localizzazione1;STRADA1;Localizzazione2;STRADA2;Strada02;Chilometrica;DaSpecificare;NaturaIncidente;particolaritastrade;TipoStrada;FondoStradale;Pavimentazione;Segnaletica;CondizioneAtmosferica;Traffico;Visibilita;Illuminazione;NUM_FERITI;NUM_RISERVATA;NUM_MORTI;NUM_ILLESI;Longitudine;Latitudine;Confermato;Progressivo;TipoVeicolo;StatoVeicolo;TipoPersona;Sesso;Tipolesione;Deceduto;DecedutoDopo;CinturaCascoUtilizzato;Airbag
2864961;20;18/06/2016 16:40;Regionale entro l'abitato;VIA CASSIA;da specificare;;;;fronte civico 1791;Tamponamento;Rettilineo;Una carreggiata a doppio senso;Asciutto;Asfaltata;Orizzontale;Sereno;Normale;Buona;Ore Diurne;1;0;0;4;12.37476;42.00811;-1;2;Autovettura privata;In marcia / fermata / arresto;Conducente;F;Rifiuta cure immediate;0;NON DECEDUTO;;
2864998;13;18/06/2016 13:00;Strada Urbana;VIALE DI CASTEL PORZIANO;all'intersezione con;VIA EGNA;VIA EGNA;;;Veicolo in marcia contro ostacolo accidentale;Incrocio;Una carreggiata a doppio senso;Asciutto;Asfaltata;Verticale ed orizzontale;Sereno;Normale;Buona;Ore Diurne;0;0;0;1;12.36012;41.73443;-1;1;Autovettura privata;In marcia / fermata / arresto;Conducente;M;Illeso;0;;Non accertato;Inesploso
2865006;13;18/06/2016 13:45;Strada Urbana;VIA FRANCESCO INGOLI;in corrispondenza;;del civico n.;27;;Scontro frontale/laterale DX fra veicoli in marcia;Rettilineo;Una carreggiata a senso unico di marcia;Asciutto;Asfaltata;Verticale;Sereno;Scarso;Buona;Ore Diurne;0;1;0;1;12.36362;41.78332;-1;1;Autovettura privata;In marcia / fermata / arresto;Conducente;M;Illeso;0;;Non accertato;Inesploso
2865006;13;18/06/2016 13:45;Strada Urbana;VIA FRANCESCO INGOLI;in corrispondenza;;del civico n.;27;;Scontro frontale/laterale DX fra veicoli in marcia;Rettilineo;Una carreggiata a senso unico di marcia;Asciutto;Asfaltata;Verticale;Sereno;Scarso;Buona;Ore Diurne;0;1;0;1;12.36362;41.78332;-1;2;Motociclo con passeggero;In marcia / fermata / arresto;Conducente;M;Prognosi riservata;0;NON DECEDUTO;Utilizzato;
2865029;13;18/06/2016 19:00;Strada Urbana;VIA DOMENICO PURIFICATO;in corrispondenza;;del civico n.;173;;Investimento di pedone;Rettilineo;Una carreggiata a doppio senso;Asciutto;Asfaltata;Assente;Sereno;Normale;Buona;Ore Diurne;1;0;0;2;12.35881;41.77063;-1;;;;Pedone;M;Rimandato;0;NON DECEDUTO;;
2865029;13;18/06/2016 19:00;Strada Urbana;VIA DOMENICO PURIFICATO;in corrispondenza;;del civico n.;173;;Investimento di pedone;Rettilineo;Una carreggiata a doppio senso;Asciutto;Asfaltata;Assente;Sereno;Normale;Buona;Ore Diurne;1;0;0;2;12.35881;41.77063;-1;1;Autovettura privata;In marcia / fermata / arresto;Conducente;M;Illeso;0;;Non accertato;Inesploso
2865029;13;18/06/2016 19:00;Strada Urbana;VIA DOMENICO PURIFICATO;in corrispondenza;;del civico n.;173;;Investimento di pedone;Rettilineo;Una carreggiata a doppio senso;Asciutto;Asfaltata;Assente;Sereno;Normale;Buona;Ore Diurne;1;0;0;2;12.35881;41.77063;-1;1;Autovettura privata;In marcia / fermata / arresto;Passeggero;F;Illeso;0;;Non accertato;Inesploso
2865048;13;18/06/2016 19:00;Strada Urbana;VIA OSTIENSE;da specificare;;;;alt. VIA DELLA STAZIONE DI OSTIA ANTICA;Tamponamento Multiplo;Rettilineo;Una carreggiata a doppio senso;Asciutto;Asfaltata;Verticale ed orizzontale;Sereno;Normale;Buona;Ore Diurne;0;0;0;5;12.30139;41.75662;-1;1;Autovettura privata;In marcia / fermata / arresto;Conducente;F;Illeso;0;;Non accertato;Inesploso
2865048;13;18/06/2016 19:00;Strada Urbana;VIA OSTIENSE;da specificare;;;;alt. VIA DELLA STAZIONE DI OSTIA ANTICA;Tamponamento Multiplo;Rettilineo;Una carreggiata a doppio senso;Asciutto;Asfaltata;Verticale ed orizzontale;Sereno;Normale;Buona;Ore Diurne;0;0;0;5;12.30139;41.75662;-1;2;Autovettura privata;In marcia / fermata / arresto;Conducente;F;Illeso;0;;Non accertato;Inesploso
2865048;13;18/06/2016 19:00;Strada Urbana;VIA OSTIENSE;da specificare;;;;alt. VIA DELLA STAZIONE DI OSTIA ANTICA;Tamponamento Multiplo;Rettilineo;Una carreggiata a doppio senso;Asciutto;Asfaltata;Verticale ed orizzontale;Sereno;Normale;Buona;Ore Diurne;0;0;0;5;12.30139;41.75662;-1;3;Autovettura privata;In marcia / fermata / arresto;Conducente;M;Illeso;0;;Non accertato;Inesploso
2865048;13;18/06/2016 19:00;Strada Urbana;VIA OSTIENSE;da specificare;;;;alt. VIA DELLA STAZIONE DI OSTIA ANTICA;Tamponamento Multiplo;Rettilineo;Una carreggiata a doppio senso;Asciutto;Asfaltata;Verticale ed orizzontale;Sereno;Normale;Buona;Ore Diurne;0;0;0;5;12.30139;41.75662;-1;3;Autovettura privata;In marcia / fermata / arresto;Passeggero;F;Illeso;0;;Non accertato;Inesploso
2865048;13;18/06/2016 19:00;Strada Urbana;VIA OSTIENSE;da specificare;;;;alt. VIA DELLA STAZIONE DI OSTIA ANTICA;Tamponamento Multiplo;Rettilineo;Una carreggiata a doppio senso;Asciutto;Asfaltata;Verticale ed orizzontale;Sereno;Normale;Buona;Ore Diurne;0;0;0;5;12.30139;41.75662;-1;4;Autovettura privata;In marcia / fermata / arresto;Conducente;M;Illeso;0;;Non accertato;Inesploso
2865079;13;18/06/2016 19:00;Strada Urbana;VIA ERNESTO BOEZI;all'intersezione con;VIA ALBERTO MAZZUCATO;VIA ALBERTO MAZZUCATO;;;Scontro laterale fra veicoli in marcia;Incrocio;Una carreggiata a doppio senso;Asciutto;Asfaltata;Assente;Sereno;Scarso;Buona;Ore Diurne;0;0;0;7;12.36931;41.73959;-1;1;Autovettura privata;In marcia / fermata / arresto;Conducente;F;Illeso;0;;Non accertato;Inesploso
2865079;13;18/06/2016 19:00;Strada Urbana;VIA ERNESTO BOEZI;all'intersezione con;VIA ALBERTO MAZZUCATO;VIA ALBERTO MAZZUCATO;;;Scontro laterale fra veicoli in marcia;Incrocio;Una carreggiata a doppio senso;Asciutto;Asfaltata;Assente;Sereno;Scarso;Buona;Ore Diurne;0;0;0;7;12.36931;41.73959;-1;2;Autovettura privata;In marcia / fermata / arresto;Conducente;F;Illeso;0;;Non accertato;Inesploso
2865079;13;18/06/2016 19:00;Strada Urbana;VIA ERNESTO BOEZI;all'intersezione con;VIA ALBERTO MAZZUCATO;VIA ALBERTO MAZZUCATO;;;Scontro laterale fra veicoli in marcia;Incrocio;Una carreggiata a doppio senso;Asciutto;Asfaltata;Assente;Sereno;Scarso;Buona;Ore Diurne;0;0;0;7;12.36931;41.73959;-1;2;Autovettura privata;In marcia / fermata / arresto;Passeggero;F;Illeso;0;;Non accertato;Inesploso
2865079;13;18/06/2016 19:00;Strada Urbana;VIA ERNESTO BOEZI;all'intersezione con;VIA ALBERTO MAZZUCATO;VIA ALBERTO MAZZUCATO;;;Scontro laterale fra veicoli in marcia;Incrocio;Una carreggiata a doppio senso;Asciutto;Asfaltata;Assente;Sereno;Scarso;Buona;Ore Diurne;0;0;0;7;12.36931;41.73959;-1;2;Autovettura privata;In marcia / fermata / arresto;Passeggero;F;Illeso;0;;Non accertato;Inesploso
2865079;13;18/06/2016 19:00;Strada Urbana;VIA ERNESTO BOEZI;all'intersezione con;VIA ALBERTO MAZZUCATO;VIA ALBERTO MAZZUCATO;;;Scontro laterale fra veicoli in marcia;Incrocio;Una carreggiata a doppio senso;Asciutto;Asfaltata;Assente;Sereno;Scarso;Buona;Ore Diurne;0;0;0;7;12.36931;41.73959;-1;3;Autovettura privata;In marcia / fermata / arresto;Conducente;M;Illeso;0;;Non accertato;Inesploso
2865108;12;19/06/2016 13:30;Strada Urbana;VIA CRISTOFORO COLOMBO;da specificare;;;;Direzione Ostia altezza inizio Pontina Nuova;Tamponamento;Rettilineo;Due carreggiate;Asciutto;Asfaltata;Verticale ed orizzontale;Sereno;Scarso;Buona;Ore Diurne;1;0;0;5;12.46303;41.81809;-1;1;Autovettura privata;In marcia / fermata / arresto;Passeggero;F;Illeso;0;;Non accertato;Inesploso
2865108;12;19/06/2016 13:30;Strada Urbana;VIA CRISTOFORO COLOMBO;da specificare;;;;Direzione Ostia altezza inizio Pontina Nuova;Tamponamento;Rettilineo;Due carreggiate;Asciutto;Asfaltata;Verticale ed orizzontale;Sereno;Scarso;Buona;Ore Diurne;1;0;0;5;12.46303;41.81809;-1;1;Autovettura privata;In marcia / fermata / arresto;Passeggero;M;Illeso;0;;Non accertato;Inesploso
2865108;12;19/06/2016 13:30;Strada Urbana;VIA CRISTOFORO COLOMBO;da specificare;;;;Direzione Ostia altezza inizio Pontina Nuova;Tamponamento;Rettilineo;Due carreggiate;Asciutto;Asfaltata;Verticale ed orizzontale;Sereno;Scarso;Buona;Ore Diurne;1;0;0;5;12.46303;41.81809;-1;1;Autovettura privata;In marcia / fermata / arresto;Conducente;F;Illeso;0;;Non accertato;Inesploso
2865108;12;19/06/2016 13:30;Strada Urbana;VIA CRISTOFORO COLOMBO;da specificare;;;;Direzione Ostia altezza inizio Pontina Nuova;Tamponamento;Rettilineo;Due carreggiate;Asciutto;Asfaltata;Verticale ed orizzontale;Sereno;Scarso;Buona;Ore Diurne;1;0;0;5;12.46303;41.81809;-1;2;Autovettura privata;In marcia / fermata / arresto;Conducente;M;Rimandato;0;NON DECEDUTO;Non accertato;Inesploso
2865108;12;19/06/2016 13:30;Strada Urbana;VIA CRISTOFORO COLOMBO;da specificare;;;;Direzione Ostia altezza inizio Pontina Nuova;Tamponamento;Rettilineo;Due carreggiate;Asciutto;Asfaltata;Verticale ed orizzontale;Sereno;Scarso;Buona;Ore Diurne;1;0;0;5;12.46303;41.81809;-1;2;Autovettura privata;In marcia / fermata / arresto;Passeggero;M;Illeso;0;;Non accertato;Inesploso
2865108;12;19/06/2016 13:30;Strada Urbana;VIA CRISTOFORO COLOMBO;da specificare;;;;Direzione Ostia altezza inizio Pontina Nuova;Tamponamento;Rettilineo;Due carreggiate;Asciutto;Asfaltata;Verticale ed orizzontale;Sereno;Scarso;Buona;Ore Diurne;1;0;0;5;12.46303;41.81809;-1;2;Autovettura privata;In marcia / fermata / arresto;Passeggero;M;Illeso;0;;Non accertato;Inesploso
2865145;12;19/06/2016 14:05;Regionale entro l'abitato;VIA PONTINA NUOVA;all'intersezione semaforizzata con;PIAZZALE VENTICINQUE MARZO 1957;PIAZZALE VENTICINQUE MARZO 1957;;;Tamponamento Multiplo;Intersezione semaforizzata;Due carreggiate;Asciutto;Asfaltata;Verticale ed orizzontale;Sereno;Normale;Buona;Ore Diurne;3;0;0;3;12.46314;41.8185;-1;1;Autovettura privata;In marcia / fermata / arresto;Conducente;M;Illeso;0;;Non accertato;Inesploso
2865145;12;19/06/2016 14:05;Regionale entro l'abitato;VIA PONTINA NUOVA;all'intersezione semaforizzata con;PIAZZALE VENTICINQUE MARZO 1957;PIAZZALE VENTICINQUE MARZO 1957;;;Tamponamento Multiplo;Intersezione semaforizzata;Due carreggiate;Asciutto;Asfaltata;Verticale ed orizzontale;Sereno;Normale;Buona;Ore Diurne;3;0;0;3;12.46314;41.8185;-1;1;Autovettura privata;In marcia / fermata / arresto;Passeggero;F;Rimandato;0;NON DECEDUTO;Non accertato;Inesploso
2865145;12;19/06/2016 14:05;Regionale entro l'abitato;VIA PONTINA NUOVA;all'intersezione semaforizzata con;PIAZZALE VENTICINQUE MARZO 1957;PIAZZALE VENTICINQUE MARZO 1957;;;Tamponamento Multiplo;Intersezione semaforizzata;Due carreggiate;Asciutto;Asfaltata;Verticale ed orizzontale;Sereno;Normale;Buona;Ore Diurne;3;0;0;3;12.46314;41.8185;-1;1;Autovettura privata;In marcia / fermata / arresto;Passeggero;F;Rimandato;0;NON DECEDUTO;Non accertato;Inesploso
2865145;12;19/06/2016 14:05;Regionale entro l'abitato;VIA PONTINA NUOVA;all'intersezione semaforizzata con;PIAZZALE VENTICINQUE MARZO 1957;PIAZZALE VENTICINQUE MARZO 1957;;;Tamponamento Multiplo;Intersezione semaforizzata;Due carreggiate;Asciutto;Asfaltata;Verticale ed orizzontale;Sereno;Normale;Buona;Ore Diurne;3;0;0;3;12.46314;41.8185;-1;2;Autovettura privata;In marcia / fermata / arresto;Conducente;F;Rimandato;0;NON DECEDUTO;Non accertato;Inesploso
2865145;12;19/06/2016 14:05;Regionale entro l'abitato;VIA PONTINA NUOVA;all'intersezione semaforizzata con;PIAZZALE VENTICINQUE MARZO 1957;PIAZZALE VENTICINQUE MARZO 1957;;;Tamponamento Multiplo;Intersezione semaforizzata;Due carreggiate;Asciutto;Asfaltata;Verticale ed orizzontale;Sereno;Normale;Buona;Ore Diurne;3;0;0;3;12.46314;41.8185;-1;3;Autovettura privata;In marcia / fermata / arresto;Conducente;F;Illeso;0;;Non accertato;Inesploso
2865145;12;19/06/2016 14:05;Regionale entro l'abitato;VIA PONTINA NUOVA;all'intersezione semaforizzata con;PIAZZALE VENTICINQUE MARZO 1957;PIAZZALE VENTICINQUE MARZO 1957;;;Tamponamento Multiplo;Intersezione semaforizzata;Due carreggiate;Asciutto;Asfaltata;Verticale ed orizzontale;Sereno;Normale;Buona;Ore Diurne;3;0;0;3;12.46314;41.8185;-1;3;Autovettura privata;In marcia / fermata / arresto;Passeggero;M;Illeso;0;;Utilizzato;Inesploso
2865209;13;18/06/2016 19:40;Strada Urbana;VIA PADRE MASSARUTI;all'intersezione con;VIA ALBERICO CRESCITELLI;VIA ALBERICO CRESCITELLI;;;Scontro frontale/laterale SX fra veicoli in marcia;Incrocio;Una carreggiata a doppio senso;Asciutto;Asfaltata;Verticale ed orizzontale;Sereno;Scarso;Buona;Ore Diurne;0;0;0;3;12.35378;41.76285;-1;1;Autovettura privata;In marcia / fermata / arresto;Conducente;M;Illeso;0;;Non accertato;Inesploso
2865209;13;18/06/2016 19:40;Strada Urbana;VIA PADRE MASSARUTI;all'intersezione con;VIA ALBERICO CRESCITELLI;VIA ALBERICO CRESCITELLI;;;Scontro frontale/laterale SX fra veicoli in marcia;Incrocio;Una carreggiata a doppio senso;Asciutto;Asfaltata;Verticale ed orizzontale;Sereno;Scarso;Buona;Ore Diurne;0;0;0;3;12.35378;41.76285;-1;2;Autovettura privata;In marcia / fermata / arresto;Conducente;M;Illeso;0;;Non accertato;Inesploso
2865209;13;18/06/2016 19:40;Strada Urbana;VIA PADRE MASSARUTI;all'intersezione con;VIA ALBERICO CRESCITELLI;VIA ALBERICO CRESCITELLI;;;Scontro frontale/laterale SX fra veicoli in marcia;Incrocio;Una carreggiata a doppio senso;Asciutto;Asfaltata;Verticale ed orizzontale;Sereno;Scarso;Buona;Ore Diurne;0;0;0;3;12.35378;41.76285;-1;2;Autovettura privata;In marcia / fermata / arresto;Passeggero;F;Illeso;0;;Non accertato;Inesploso
2865249;13;18/06/2016 19:30;Strada Urbana;VIA VILLABASSA;in corrispondenza;;del civico n.;47;;Scontro laterale fra veicoli in marcia;Rettilineo;Una carreggiata a doppio senso;Asciutto;Asfaltata;Assente;Sereno;Normale;Buona;Ore Diurne;0;0;0;4;12.37923;41.73261;-1;1;Quadriciclo leggero;In marcia / fermata / arresto;Conducente;F;Illeso;0;;Non accertato;Inesploso
2865249;13;18/06/2016 19:30;Strada Urbana;VIA VILLABASSA;in corrispondenza;;del civico n.;47;;Scontro laterale fra veicoli in marcia;Rettilineo;Una carreggiata a doppio senso;Asciutto;Asfaltata;Assente;Sereno;Normale;Buona;Ore Diurne;0;0;0;4;12.37923;41.73261;-1;2;Autovettura privata;In marcia / fermata / arresto;Conducente;F;Illeso;0;;Non accertato;Inesploso
2865249;13;18/06/2016 19:30;Strada Urbana;VIA VILLABASSA;in corrispondenza;;del civico n.;47;;Scontro laterale fra veicoli in marcia;Rettilineo;Una carreggiata a doppio senso;Asciutto;Asfaltata;Assente;Sereno;Normale;Buona;Ore Diurne;0;0;0;4;12.37923;41.73261;-1;2;Autovettura privata;In marcia / fermata / arresto;Passeggero;F;Illeso;0;;Non accertato;Inesploso
2865249;13;18/06/2016 19:30;Strada Urbana;VIA VILLABASSA;in corrispondenza;;del civico n.;47;;Scontro laterale fra veicoli in marcia;Rettilineo;Una carreggiata a doppio senso;Asciutto;Asfaltata;Assente;Sereno;Normale;Buona;Ore Diurne;0;0;0;4;12.37923;41.73261;-1;2;Autovettura privata;In marcia / fermata / arresto;Passeggero;F;Illeso;0;;Non accertato;Inesploso
2865684;11;18/06/2016 11:30;Strada Urbana;VIA DELLE SETTE CHIESE;da specificare;;;;PROSSIMITà VIA LEON PANCALDO;Veicolo in marcia contro veicolo in sosta;Rettilineo;Due carreggiate;Asciutto;Asfaltata;Assente;Sereno;Normale;Buona;Ore Diurne;0;0;0;1;12.50009;41.85973;-1;1;Autovettura privata;In marcia / fermata / arresto;Conducente;M;Illeso;0;;Non accertato;
2865685;11;19/06/2016 09:45;Strada Urbana;LARGO ANGELO FOCHETTI;in prossimità;;del palo luce n.;6;;Investimento di pedone;Rettilineo;Due carreggiate;Asciutto;Asfaltata;Orizzontale;Sereno;Scarso;Buona;Ore Diurne;0;2;0;0;12.49483;41.86735;-1;;;;Pedone;M;Prognosi riservata;0;NON DECEDUTO;;
2865685;11;19/06/2016 09:45;Strada Urbana;LARGO ANGELO FOCHETTI;in prossimità;;del palo luce n.;6;;Investimento di pedone;Rettilineo;Due carreggiate;Asciutto;Asfaltata;Orizzontale;Sereno;Scarso;Buona;Ore Diurne;0;2;0;0;12.49483;41.86735;-1;1;Autovettura privata;In marcia / fermata / arresto;Conducente;M;Prognosi riservata;0;NON DECEDUTO;;
2865690;13;18/06/2016 21:15;Strada Urbana;VIA DI SAPONARA;in corrispondenza;;del civico n.;740;;Infortunio per sola frenata improvvisa;Rettilineo;Una carreggiata a doppio senso;Asciutto;Asfaltata;Orizzontale;Sereno;Normale;Buona;Sufficiente;1;0;0;0;12.32655;41.76742;-1;1;Ciclomotore;Sosta;Passeggero;M;Rimandato;0;NON DECEDUTO;Non accertato;
2865692;6;19/06/2016 14:40;Strada Urbana;VIA DI ACQUA BULLICANTE;in corrispondenza;;del civico n.;310;;Tamponamento;Rettilineo;Una carreggiata a doppio senso;Asciutto;Asfaltata;Assente;Sereno;Normale;Buona;Ore Diurne;5;0;0;0;12.5419;41.89152;-1;1;Autovettura privata;In marcia / fermata / arresto;Conducente;F;Rifiuta cure immediate;0;NON DECEDUTO;Non accertato;Inesploso
2865692;6;19/06/2016 14:40;Strada Urbana;VIA DI ACQUA BULLICANTE;in corrispondenza;;del civico n.;310;;Tamponamento;Rettilineo;Una carreggiata a doppio senso;Asciutto;Asfaltata;Assente;Sereno;Normale;Buona;Ore Diurne;5;0;0;0;12.5419;41.89152;-1;2;Autovettura privata;In marcia / fermata / arresto;Conducente;M;Rifiuta cure immediate;0;NON DECEDUTO;Non accertato;Inesploso
2865692;6;19/06/2016 14:40;Strada Urbana;VIA DI ACQUA BULLICANTE;in corrispondenza;;del civico n.;310;;Tamponamento;Rettilineo;Una carreggiata a doppio senso;Asciutto;Asfaltata;Assente;Sereno;Normale;Buona;Ore Diurne;5;0;0;0;12.5419;41.89152;-1;2;Autovettura privata;In marcia / fermata / arresto;Passeggero;F;Rifiuta cure immediate;0;NON DECEDUTO;Non accertato;Inesploso
2865692;6;19/06/2016 14:40;Strada Urbana;VIA DI ACQUA BULLICANTE;in corrispondenza;;del civico n.;310;;Tamponamento;Rettilineo;Una carreggiata a doppio senso;Asciutto;Asfaltata;Assente;Sereno;Normale;Buona;Ore Diurne;5;0;0;0;12.5419;41.89152;-1;2;Autovettura privata;In marcia / fermata / arresto;Passeggero;F;Rifiuta cure immediate;0;NON DECEDUTO;Non accertato;Inesploso
2865692;6;19/06/2016 14:40;Strada Urbana;VIA DI ACQUA BULLICANTE;in corrispondenza;;del civico n.;310;;Tamponamento;Rettilineo;Una carreggiata a doppio senso;Asciutto;Asfaltata;Assente;Sereno;Normale;Buona;Ore Diurne;5;0;0;0;12.5419;41.89152;-1;2;Autovettura privata;In marcia / fermata / arresto;Passeggero;M;Rifiuta cure immediate;0;NON DECEDUTO;Utilizzato;Inesploso
2865694;13;18/06/2016 21:45;Strada Urbana;VIA DELLE BALENIERE;all'intersezione con;VIA DELLE AZZORRE;VIA DELLE AZZORRE;;;Infortunio per sola frenata improvvisa;Incrocio;Una carreggiata a doppio senso;Asciutto;Asfaltata;Assente;Sereno;Normale;Sufficiente;Sufficiente;1;0;0;1;12.27948;41.73814;-1;1;Ciclomotore con passeggero;In marcia / fermata / arresto;Conducente;M;Illeso;0;;Utilizzato;
2865694;13;18/06/2016 21:45;Strada Urbana;VIA DELLE BALENIERE;all'intersezione con;VIA DELLE AZZORRE;VIA DELLE AZZORRE;;;Infortunio per sola frenata improvvisa;Incrocio;Una carreggiata a doppio senso;Asciutto;Asfaltata;Assente;Sereno;Normale;Sufficiente;Sufficiente;1;0;0;1;12.27948;41.73814;-1;1;Ciclomotore con passeggero;In marcia / fermata / arresto;Passeggero;F;Rimandato;0;NON DECEDUTO;Utilizzato;
2865703;13;19/06/2016 16:50;Strada Urbana;LUNGOMARE LUTAZIO CATULO;in corrispondenza;;del civico n.;10;;Tamponamento;Rettilineo;Due carreggiate;Asciutto;Asfaltata;Verticale ed orizzontale;Sereno;Intenso;Buona;Ore Diurne;0;0;0;3;12.31326;41.71617;-1;1;Autovettura privata;In marcia / fermata / arresto;Conducente;M;Illeso;0;;Non accertato;Inesploso
2865703;13;19/06/2016 16:50;Strada Urbana;LUNGOMARE LUTAZIO CATULO;in corrispondenza;;del civico n.;10;;Tamponamento;Rettilineo;Due carreggiate;Asciutto;Asfaltata;Verticale ed orizzontale;Sereno;Intenso;Buona;Ore Diurne;0;0;0;3;12.31326;41.71617;-1;1;Autovettura privata;In marcia / fermata / arresto;Passeggero;F;Illeso;0;;Non accertato;Inesploso
2865703;13;19/06/2016 16:50;Strada Urbana;LUNGOMARE LUTAZIO CATULO;in corrispondenza;;del civico n.;10;;Tamponamento;Rettilineo;Due carreggiate;Asciutto;Asfaltata;Verticale ed orizzontale;Sereno;Intenso;Buona;Ore Diurne;0;0;0;3;12.31326;41.71617;-1;2;Autovettura privata;In marcia / fermata / arresto;Conducente;M;Illeso;0;;Non accertato;Inesploso
2865705;13;19/06/2016 20:00;Strada Urbana;VIA LITORANEA;da specificare;;;;altezza oasi naturala Capocotta;Tamponamento;Rettilineo;Una carreggiata a doppio senso;Asciutto;Asfaltata;Verticale ed orizzontale;Sereno;Normale;Buona;Ore Diurne;1;0;0;3;12.37354;41.68762;-1;1;Autovettura privata;In marcia / fermata / arresto;Conducente;M;Illeso;0;;;
2865705;13;19/06/2016 20:00;Strada Urbana;VIA LITORANEA;da specificare;;;;altezza oasi naturala Capocotta;Tamponamento;Rettilineo;Una carreggiata a doppio senso;Asciutto;Asfaltata;Verticale ed orizzontale;Sereno;Normale;Buona;Ore Diurne;1;0;0;3;12.37354;41.68762;-1;1;Autovettura privata;In marcia / fermata / arresto;Passeggero;F;Illeso;0;;Non accertato;
2865705;13;19/06/2016 20:00;Strada Urbana;VIA LITORANEA;da specificare;;;;altezza oasi naturala Capocotta;Tamponamento;Rettilineo;Una carreggiata a doppio senso;Asciutto;Asfaltata;Verticale ed orizzontale;Sereno;Normale;Buona;Ore Diurne;1;0;0;3;12.37354;41.68762;-1;2;Autovettura privata;In marcia / fermata / arresto;Conducente;F;Rimandato;0;NON DECEDUTO;Non accertato;Inesploso
2865705;13;19/06/2016 20:00;Strada Urbana;VIA LITORANEA;da specificare;;;;altezza oasi naturala Capocotta;Tamponamento;Rettilineo;Una carreggiata a doppio senso;Asciutto;Asfaltata;Verticale ed orizzontale;Sereno;Normale;Buona;Ore Diurne;1;0;0;3;12.37354;41.68762;-1;2;Autovettura privata;In marcia / fermata / arresto;Passeggero;F;Illeso;0;;;
2865709;13;20/06/2016 00:40;Strada Urbana;VIA POSIDIPPO;all'intersezione con;VIA DI ACILIA;VIA DI ACILIA;;;Scontro frontale/laterale DX fra veicoli in marcia;Intersezione stradale segnalata;Una carreggiata a doppio senso;Asciutto;Asfaltata;Verticale ed orizzontale;Nuvoloso;Scarso;Sufficiente;Sufficiente;1;0;0;3;12.37448;41.76989;-1;1;Autovettura privata;In marcia / fermata / arresto;Conducente;F;Illeso;0;;Utilizzato;
2865709;13;20/06/2016 00:40;Strada Urbana;VIA POSIDIPPO;all'intersezione con;VIA DI ACILIA;VIA DI ACILIA;;;Scontro frontale/laterale DX fra veicoli in marcia;Intersezione stradale segnalata;Una carreggiata a doppio senso;Asciutto;Asfaltata;Verticale ed orizzontale;Nuvoloso;Scarso;Sufficiente;Sufficiente;1;0;0;3;12.37448;41.76989;-1;1;Autovettura privata;In marcia / fermata / arresto;Passeggero;M;Illeso;0;;Utilizzato;Inesploso
2865709;13;20/06/2016 00:40;Strada Urbana;VIA POSIDIPPO;all'intersezione con;VIA DI ACILIA;VIA DI ACILIA;;;Scontro frontale/laterale DX fra veicoli in marcia;Intersezione stradale segnalata;Una carreggiata a doppio senso;Asciutto;Asfaltata;Verticale ed orizzontale;Nuvoloso;Scarso;Sufficiente;Sufficiente;1;0;0;3;12.37448;41.76989;-1;1;Autovettura privata;In marcia / fermata / arresto;Passeggero;F;Illeso;0;;;
2865709;13;20/06/2016 00:40;Strada Urbana;VIA POSIDIPPO;all'intersezione con;VIA DI ACILIA;VIA DI ACILIA;;;Scontro frontale/laterale DX fra veicoli in marcia;Intersezione stradale segnalata;Una carreggiata a doppio senso;Asciutto;Asfaltata;Verticale ed orizzontale;Nuvoloso;Scarso;Sufficiente;Sufficiente;1;0;0;3;12.37448;41.76989;-1;2;Motociclo a solo;In marcia / fermata / arresto;Conducente;M;Rimandato;0;NON DECEDUTO;;
2865716;9;19/06/2016 17:40;Strada Urbana;VIALE CASTRENSE;all'intersezione semaforizzata con;VIA CALTAGIRONE;VIA CALTAGIRONE;;;Scontro laterale fra veicoli in marcia;Incrocio;Due carreggiate;Asciutto;Asfaltata;Verticale ed orizzontale;Sereno;Normale;Buona;Ore Diurne;0;0;0;3;12.51816;41.88773;-1;1;Autovettura privata;In marcia / fermata / arresto;Conducente;M;Illeso;0;;Utilizzato;
2865716;9;19/06/2016 17:40;Strada Urbana;VIALE CASTRENSE;all'intersezione semaforizzata con;VIA CALTAGIRONE;VIA CALTAGIRONE;;;Scontro laterale fra veicoli in marcia;Incrocio;Due carreggiate;Asciutto;Asfaltata;Verticale ed orizzontale;Sereno;Normale;Buona;Ore Diurne;0;0;0;3;12.51816;41.88773;-1;1;Autovettura privata;In marcia / fermata / arresto;Passeggero;M;Illeso;0;;Utilizzato;Inesploso
2865716;9;19/06/2016 17:40;Strada Urbana;VIALE CASTRENSE;all'intersezione semaforizzata con;VIA CALTAGIRONE;VIA CALTAGIRONE;;;Scontro laterale fra veicoli in marcia;Incrocio;Due carreggiate;Asciutto;Asfaltata;Verticale ed orizzontale;Sereno;Normale;Buona;Ore Diurne;0;0;0;3;12.51816;41.88773;-1;2;Motociclo a solo;In marcia / fermata / arresto;Conducente;F;Illeso;0;;Utilizzato;
2865717;15;19/06/2016 17:15;Strada Urbana;VIA DELLA MAGLIANA;da specificare;;;;prossimità Vicolo S.Passera dir.P.za Meucci;Tamponamento;Rettilineo;Una carreggiata a doppio senso;Asciutto;Asfaltata;Verticale ed orizzontale;Sereno;Scarso;Buona;Ore Diurne;2;0;0;3;12.42401;41.83394;-1;1;Autovettura privata;In marcia / fermata / arresto;Conducente;M;Rimandato;0;NON DECEDUTO;Non accertato;Inesploso