Protocollo;Gruppo;DataOraIncidente;Localizzazione1;STRADA1;Localizzazione2;STRADA2;Strada02;Chilometrica;DaSpecificare;NaturaIncidente;particolaritastrade;TipoStrada;FondoStradale;Pavimentazione;Segnaletica;CondizioneAtmosferica;Traffico;Visibilita;Illuminazione;NUM_FERITI;NUM_RISERVATA;NUM_MORTI;NUM_ILLESI;Longitudine;Latitudine;Confermato;Progressivo;TipoVeicolo;StatoVeicolo;TipoPersona;Sesso;Tipolesione;Deceduto;DecedutoDopo;CinturaCascoUtilizzato;Airbag
2868624;13;21/06/2016 11:05;Strada Urbana;VIALE CAPITAN CASELLA;all'intersezione con;VIA MARIO BIANCO;VIA MARIO BIANCO;;;Scontro frontale/laterale DX fra veicoli in marcia;Intersezione semaforizzata;Una carreggiata a doppio senso;Asciutto;Asfaltata;Verticale ed orizzontale;Sereno;Normale;Buona;Ore Diurne;0;0;0;2;12.29304;41.72773;-1;2;Autovettura privata;In marcia / fermata / arresto;Conducente;M;Illeso;0;;Non accertato;Inesploso
2868627;15;21/06/2016 10:45;Strada Urbana;VIA ODERISI DA GUBBIO;da specificare;;;;altezza Via L. Biolchini;Investimento di pedone;Rettilineo;Una carreggiata a doppio senso;Asciutto;Asfaltata;Orizzontale;Sereno;Normale;Buona;Ore Diurne;1;0;0;1;12.46527;41.86551;-1;;;;Pedone;M;Rimandato;0;NON DECEDUTO;;
2868627;15;21/06/2016 10:45;Strada Urbana;VIA ODERISI DA GUBBIO;da specificare;;;;altezza Via L. Biolchini;Investimento di pedone;Rettilineo;Una carreggiata a doppio senso;Asciutto;Asfaltata;Orizzontale;Sereno;Normale;Buona;Ore Diurne;1;0;0;1;12.46527;41.86551;-1;1;Autovettura privata;In marcia / fermata / arresto;Conducente;M;Illeso;0;;Non accertato;Inesploso
2868828;5;21/06/2016 10:15;Strada Urbana;VIA VITO GIUSEPPE GALATI;in corrispondenza;;del civico n.;44;;Veicolo in marcia contro veicolo in sosta;Rettilineo;Due carreggiate;Asciutto;Asfaltata;Verticale ed orizzontale;Sereno;Scarso;Buona;Ore Diurne;0;0;0;1;12.5707;41.91197;-1;1;Autovettura privata;In marcia / fermata / arresto;Conducente;F;Illeso;0;;Non accertato;
2868829;5;21/06/2016 19:30;Strada Urbana;VIA SALARIA;da specificare;;;;altezza Via Grottazzolina dir. Fuori Roma;Veicolo in marcia contro ostacolo fisso;Rettilineo;Due carreggiate;Asciutto;Strada pavimentata dissestata;Verticale ed orizzontale;Sereno;Normale;Buona;Ore Diurne;1;0;0;0;12.51124;41.98703;-1;1;Motociclo a solo;In marcia / fermata / arresto;Conducente;M;Rimandato;0;NON DECEDUTO;Non accertato;
2868831;13;21/06/2016 15:10;Strada Urbana;LUNGOMARE AMERIGO VESPUCCI;in prossimità;;del civico n.;64;;Tamponamento;Rettilineo;Una carreggiata a doppio senso;Asciutto;Asfaltata;Verticale ed orizzontale;Sereno;Normale;Buona;Ore Diurne;1;0;0;1;12.33085;41.70858;-1;1;Autovettura privata;In marcia / fermata / arresto;Conducente;M;Illeso;0;;Non accertato;Inesploso
2868831;13;21/06/2016 15:10;Strada Urbana;LUNGOMARE AMERIGO VESPUCCI;in prossimità;;del civico n.;64;;Tamponamento;Rettilineo;Una carreggiata a doppio senso;Asciutto;Asfaltata;Verticale ed orizzontale;Sereno;Normale;Buona;Ore Diurne;1;0;0;1;12.33085;41.70858;-1;2;Motociclo a solo;In marcia / fermata / arresto;Conducente;M;Rimandato;0;NON DECEDUTO;Utilizzato;
2868832;5;21/06/2016 08:00;Strada Urbana;VIA TIBURTINA;da specificare;;;;pross. Portonaccio dir. centro;Scontro laterale fra veicoli in marcia;Rettilineo;Due carreggiate;Asciutto;Asfaltata;Verticale ed orizzontale;Sereno;Intenso;Buona;Ore Diurne;0;0;0;3;12.53409;41.90819;-1;1;Autocarro inferiore 35 q.;In marcia / fermata / arresto;Conducente;M;Illeso;0;;Non accertato;Inesploso
2868832;5;21/06/2016 08:00;Strada Urbana;VIA TIBURTINA;da specificare;;;;pross. Portonaccio dir. centro;Scontro laterale fra veicoli in marcia;Rettilineo;Due carreggiate;Asciutto;Asfaltata;Verticale ed orizzontale;Sereno;Intenso;Buona;Ore Diurne;0;0;0;3;12.53409;41.90819;-1;1;Autocarro inferiore 35 q.;In marcia / fermata / arresto;Passeggero;M;Illeso;0;;Non accertato;Inesploso
2868832;5;21/06/2016 08:00;Strada Urbana;VIA TIBURTINA;da specificare;;;;pross. Portonaccio dir. centro;Scontro laterale fra veicoli in marcia;Rettilineo;Due carreggiate;Asciutto;Asfaltata;Verticale ed orizzontale;Sereno;Intenso;Buona;Ore Diurne;0;0;0;3;12.53409;41.90819;-1;2;Autocarro inferiore 35 q.;In marcia / fermata / arresto;Conducente;M;Illeso;0;;Non accertato;Inesploso
2868833;11;21/06/2016 11:30;Strada Urbana;VIA PADRE SEMERIA;da specificare;;;;prossimità via C. Colombo;Veicolo in marcia contro veicolo fermo;Rettilineo;Due carreggiate;Asciutto;Asfaltata;Verticale ed orizzontale;Sereno;Normale;Buona;Ore Diurne;0;0;0;2;12.4948;41.86553;-1;1;Autovettura privata;In marcia / fermata / arresto;Conducente;M;Illeso;0;;Non accertato;
2868833;11;21/06/2016 11:30;Strada Urbana;VIA PADRE SEMERIA;da specificare;;;;prossimità via C. Colombo;Veicolo in marcia contro veicolo fermo;Rettilineo;Due carreggiate;Asciutto;Asfaltata;Verticale ed orizzontale;Sereno;Normale;Buona;Ore Diurne;0;0;0;2;12.4948;41.86553;-1;2;Autovettura privata;In marcia / fermata / arresto;Conducente;M;Illeso;0;;Non accertato;
2868836;5;21/06/2016 16:25;Strada Urbana;VIA FABRIANO;in prossimità;;del civico n.;59;;Scontro frontale/laterale SX fra veicoli in marcia;Rettilineo;Una carreggiata a doppio senso;Asciutto;Asfaltata;Verticale ed orizzontale;Sereno;Normale;Buona;Ore Diurne;1;0;0;2;12.58225;41.93881;-1;1;Motociclo a solo;In marcia / fermata / arresto;Conducente;M;Rimandato;0;NON DECEDUTO;;
2868836;5;21/06/2016 16:25;Strada Urbana;VIA FABRIANO;in prossimità;;del civico n.;59;;Scontro frontale/laterale SX fra veicoli in marcia;Rettilineo;Una carreggiata a doppio senso;Asciutto;Asfaltata;Verticale ed orizzontale;Sereno;Normale;Buona;Ore Diurne;1;0;0;2;12.58225;41.93881;-1;2;Autovettura privata;In marcia / fermata / arresto;Conducente;M;Illeso;0;;Non accertato;
2868836;5;21/06/2016 16:25;Strada Urbana;VIA FABRIANO;in prossimità;;del civico n.;59;;Scontro frontale/laterale SX fra veicoli in marcia;Rettilineo;Una carreggiata a doppio senso;Asciutto;Asfaltata;Verticale ed orizzontale;Sereno;Normale;Buona;Ore Diurne;1;0;0;2;12.58225;41.93881;-1;2;Autovettura privata;In marcia / fermata / arresto;Passeggero;M;Illeso;0;;Non accertato;
2868841;6;21/06/2016 21:45;Strada Urbana;VIALE DELLA VENEZIA GIULIA;all'intersezione semaforizzata con;VIALE DELLA SERENISSIMA;VIALE DELLA SERENISSIMA;;;Investimento di pedone;Intersezione semaforizzata;Due carreggiate;Asciutto;Asfaltata;Verticale ed orizzontale;Sereno;Normale;Buona;Sufficiente;1;0;0;1;12.55874;41.89667;-1;;;;Pedone;M;Rimandato;0;NON DECEDUTO;;
2868841;6;21/06/2016 21:45;Strada Urbana;VIALE DELLA VENEZIA GIULIA;all'intersezione semaforizzata con;VIALE DELLA SERENISSIMA;VIALE DELLA SERENISSIMA;;;Investimento di pedone;Intersezione semaforizzata;Due carreggiate;Asciutto;Asfaltata;Verticale ed orizzontale;Sereno;Normale;Buona;Sufficiente;1;0;0;1;12.55874;41.89667;-1;1;Motociclo a solo;In marcia / fermata / arresto;Conducente;M;Illeso;0;;;
2868842;5;21/06/2016 10:40;Strada Urbana;VIA FABRIANO;all'intersezione con;VIA PERGOLA;VIA PERGOLA;;;Scontro frontale fra veicoli in marcia;Incrocio;Una carreggiata a doppio senso;Asciutto;Asfaltata;Verticale ed orizzontale;Sereno;Normale;Buona;Ore Diurne;0;0;0;2;12.58212;41.93866;-1;1;Autovettura privata;In marcia / fermata / arresto;Conducente;M;Illeso;0;;Non accertato;Inesploso
2868842;5;21/06/2016 10:40;Strada Urbana;VIA FABRIANO;all'intersezione con;VIA PERGOLA;VIA PERGOLA;;;Scontro frontale fra veicoli in marcia;Incrocio;Una carreggiata a doppio senso;Asciutto;Asfaltata;Verticale ed orizzontale;Sereno;Normale;Buona;Ore Diurne;0;0;0;2;12.58212;41.93866;-1;2;Autovettura privata;In marcia / fermata / arresto;Conducente;F;Illeso;0;;Non accertato;Inesploso
2868845;8;21/06/2016 23:00;Statale entro l'abitato;VIA CASILINA;in prossimità;;del civico n.;1799;;Scontro frontale/laterale DX fra veicoli in marcia;Rettilineo;Una carreggiata a doppio senso;Asciutto;Asfaltata;Verticale ed orizzontale;Sereno;Scarso;Buona;Sufficiente;1;0;0;1;12.67798;41.86357;-1;1;Motociclo a solo;In marcia / fermata / arresto;Conducente;M;Rimandato;0;NON DECEDUTO;Non accertato;
2868845;8;21/06/2016 23:00;Statale entro l'abitato;VIA CASILINA;in prossimità;;del civico n.;1799;;Scontro frontale/laterale DX fra veicoli in marcia;Rettilineo;Una carreggiata a doppio senso;Asciutto;Asfaltata;Verticale ed orizzontale;Sereno;Scarso;Buona;Sufficiente;1;0;0;1;12.67798;41.86357;-1;2;Autovettura privata;In marcia / fermata / arresto;Conducente;M;Illeso;0;;Non accertato;Inesploso
2868848;8;21/06/2016 07:55;Strada Urbana;VIA COLLATINA;in prossimità;;del palo luce n.;609;;Tamponamento;Rettilineo;Una carreggiata a doppio senso;Asciutto;Asfaltata;Orizzontale;Sereno;Intenso;Buona;Ore Diurne;0;0;0;3;12.63834;41.91102;-1;1;Autovettura privata;In marcia / fermata / arresto;Conducente;M;Illeso;0;;Non accertato;Inesploso
2868848;8;21/06/2016 07:55;Strada Urbana;VIA COLLATINA;in prossimità;;del palo luce n.;609;;Tamponamento;Rettilineo;Una carreggiata a doppio senso;Asciutto;Asfaltata;Orizzontale;Sereno;Intenso;Buona;Ore Diurne;0;0;0;3;12.63834;41.91102;-1;1;Autovettura privata;In marcia / fermata / arresto;Passeggero;F;Illeso;0;;Non accertato;Inesploso
2868848;8;21/06/2016 07:55;Strada Urbana;VIA COLLATINA;in prossimità;;del palo luce n.;609;;Tamponamento;Rettilineo;Una carreggiata a doppio senso;Asciutto;Asfaltata;Orizzontale;Sereno;Intenso;Buona;Ore Diurne;0;0;0;3;12.63834;41.91102;-1;2;Autovettura privata;In marcia / fermata / arresto;Conducente;M;Illeso;0;;Non accertato;Inesploso
2868849;8;21/06/2016 17:15;Statale entro l'abitato;VIA CASILINA;all'intersezione con;VIA DI PRATAPORCI;VIA DI PRATAPORCI;;;Scontro frontale/laterale DX fra veicoli in marcia;Intersezione stradale segnalata;Una carreggiata a doppio senso;Asciutto;Asfaltata;Verticale ed orizzontale;Sereno;Intenso;Buona;Ore Diurne;1;0;0;1;12.68544;41.86259;-1;1;Motociclo a solo;In marcia / fermata / arresto;Conducente;M;Rimandato;0;NON DECEDUTO;Non accertato;
2868849;8;21/06/2016 17:15;Statale entro l'abitato;VIA CASILINA;all'intersezione con;VIA DI PRATAPORCI;VIA DI PRATAPORCI;;;Scontro frontale/laterale DX fra veicoli in marcia;Intersezione stradale segnalata;Una carreggiata a doppio senso;Asciutto;Asfaltata;Verticale ed orizzontale;Sereno;Intenso;Buona;Ore Diurne;1;0;0;1;12.68544;41.86259;-1;2;Autovettura privata;In marcia / fermata / arresto;Conducente;M;Illeso;0;;Non accertato;Inesploso
2868850;11;21/06/2016 13:00;Strada Urbana;VIA GIROLAMO BENZONI;da specificare;;;;intersezione Ponte Spizzichino;Scontro frontale/laterale DX fra veicoli in marcia;Rettilineo;Una carreggiata a doppio senso;Asciutto;Asfaltata;Verticale ed orizzontale;Sereno;Normale;Buona;Ore Diurne;0;0;0;2;12.48433;41.86909;-1;1;Autovettura privata;In marcia / fermata / arresto;Conducente;M;Illeso;0;;Non accertato;Inesploso
2868850;11;21/06/2016 13:00;Strada Urbana;VIA GIROLAMO BENZONI;da specificare;;;;intersezione Ponte Spizzichino;Scontro frontale/laterale DX fra veicoli in marcia;Rettilineo;Una carreggiata a doppio senso;Asciutto;Asfaltata;Verticale ed orizzontale;Sereno;Normale;Buona;Ore Diurne;0;0;0;2;12.48433;41.86909;-1;2;Autovettura privata;In marcia / fermata / arresto;Conducente;M;Illeso;0;;Non accertato;Inesploso
2868851;8;21/06/2016 12:00;Strada Urbana;VIA DEL FOSSO SCILICINO;in prossimità;;del civico n.;58;;Scontro laterale fra veicoli in marcia;Rettilineo;Una carreggiata a doppio senso;Asciutto;Asfaltata;Assente;Sereno;Scarso;Buona;Ore Diurne;1;0;0;1;12.6798;41.90189;-1;1;Autovettura privata;In marcia / fermata / arresto;Conducente;F;Illeso;0;;Non accertato;Inesploso
2868851;8;21/06/2016 12:00;Strada Urbana;VIA DEL FOSSO SCILICINO;in prossimità;;del civico n.;58;;Scontro laterale fra veicoli in marcia;Rettilineo;Una carreggiata a doppio senso;Asciutto;Asfaltata;Assente;Sereno;Scarso;Buona;Ore Diurne;1;0;0;1;12.6798;41.90189;-1;2;Motociclo a solo;In marcia / fermata / arresto;Conducente;M;Rifiuta cure immediate;0;NON DECEDUTO;Non accertato;
2868852;8;21/06/2016 21:30;Strada Urbana;VIA MARTINO ROTA;all'intersezione con;VIA BERNARDO MINOZZI;VIA BERNARDO MINOZZI;;;Scontro laterale fra veicoli in marcia;Incrocio;Una carreggiata a senso unico di marcia;Asciutto;Asfaltata;Verticale;Sereno;Scarso;Buona;Sufficiente;1;0;0;1;12.62725;41.87023;-1;1;Autovettura privata;In marcia / fermata / arresto;Conducente;M;Illeso;0;;Non accertato;Inesploso
2868852;8;21/06/2016 21:30;Strada Urbana;VIA MARTINO ROTA;all'intersezione con;VIA BERNARDO MINOZZI;VIA BERNARDO MINOZZI;;;Scontro laterale fra veicoli in marcia;Incrocio;Una carreggiata a senso unico di marcia;Asciutto;Asfaltata;Verticale;Sereno;Scarso;Buona;Sufficiente;1;0;0;1;12.62725;41.87023;-1;2;Autovettura privata;In marcia / fermata / arresto;Conducente;F;Rifiuta cure immediate;0;NON DECEDUTO;Non accertato;Inesploso
2868855;8;21/06/2016 16:00;Statale entro l'abitato;VIA CASILINA;da specificare;;;;in prossimità di Via Valvariana;Scontro laterale fra veicoli in marcia;Curva a visuale libera;Una carreggiata a senso unico di marcia;Asciutto;Asfaltata;Verticale ed orizzontale;Sereno;Intenso;Buona;Ore Diurne;0;0;0;3;12.60933;41.86405;-1;1;Autovettura privata;In marcia / fermata / arresto;Conducente;M;Illeso;0;;Non accertato;Inesploso
2868855;8;21/06/2016 16:00;Statale entro l'abitato;VIA CASILINA;da specificare;;;;in prossimità di Via Valvariana;Scontro laterale fra veicoli in marcia;Curva a visuale libera;Una carreggiata a senso unico di marcia;Asciutto;Asfaltata;Verticale ed orizzontale;Sereno;Intenso;Buona;Ore Diurne;0;0;0;3;12.60933;41.86405;-1;2;Autovettura privata;In marcia / fermata / arresto;Conducente;M;Illeso;0;;Non accertato;Inesploso
2868855;8;21/06/2016 16:00;Statale entro l'abitato;VIA CASILINA;da specificare;;;;in prossimità di Via Valvariana;Scontro laterale fra veicoli in marcia;Curva a visuale libera;Una carreggiata a senso unico di marcia;Asciutto;Asfaltata;Verticale ed orizzontale;Sereno;Intenso;Buona;Ore Diurne;0;0;0;3;12.60933;41.86405;-1;2;Autovettura privata;In marcia / fermata / arresto;Passeggero;F;Illeso;0;;Non accertato;Inesploso
2868858;8;21/06/2016 17:50;Statale entro l'abitato;VIA CASILINA;in prossimità;;del civico n.;1791;;Veicolo in marcia contro veicolo fermo;Rettilineo;Una carreggiata a doppio senso;Asciutto;Asfaltata;Orizzontale;Sereno;Scarso;Buona;Ore Diurne;0;0;0;3;12.68114;41.86287;-1;1;Autovettura privata;In marcia / fermata / arresto;Conducente;M;Illeso;0;;;
2868858;8;21/06/2016 17:50;Statale entro l'abitato;VIA CASILINA;in prossimità;;del civico n.;1791;;Veicolo in marcia contro veicolo fermo;Rettilineo;Una carreggiata a doppio senso;Asciutto;Asfaltata;Orizzontale;Sereno;Scarso;Buona;Ore Diurne;0;0;0;3;12.68114;41.86287;-1;2;Autovettura privata;In marcia / fermata / arresto;Conducente;M;Illeso;0;;;
2868858;8;21/06/2016 17:50;Statale entro l'abitato;VIA CASILINA;in prossimità;;del civico n.;1791;;Veicolo in marcia contro veicolo fermo;Rettilineo;Una carreggiata a doppio senso;Asciutto;Asfaltata;Orizzontale;Sereno;Scarso;Buona;Ore Diurne;0;0;0;3;12.68114;41.86287;-1;2;Autovettura privata;In marcia / fermata / arresto;Passeggero;F;Illeso;0;;Non accertato;Inesploso
2868872;8;21/06/2016 11:30;Strada Urbana;VIA DOMENICO PARASACCHI;da specificare;;;;II° area di parcheggioa dx dir. Via Aspertini;Veicolo in marcia contro ostacolo fisso;Rettilineo;Una carreggiata a doppio senso;Asciutto;Asfaltata;Orizzontale;Sereno;Scarso;Buona;Ore Diurne;0;0;0;1;12.63231;41.86692;-1;1;Autocarro inferiore 35 q.;In marcia / fermata / arresto;Conducente;M;Illeso;0;;Non accertato;Inesploso
2868881;8;21/06/2016 11:00;Strada Urbana;VIA PIETRO ROMANO;in prossimità;;del civico n.;118;;Veicolo in marcia contro ostacolo accidentale;Rettilineo;Una carreggiata a doppio senso;Asciutto;Asfaltata;Assente;Sereno;Normale;Sufficiente;Ore Diurne;0;0;0;1;12.57576;41.86898;-1;1;Autovettura privata;In marcia / fermata / arresto;Conducente;M;Illeso;0;;Non accertato;Inesploso
2868883;11;21/06/2016 15:30;Strada Urbana;VIA DI TORRICOLA;all'intersezione con;VIA DI TORRICOLA VECCHIA;VIA DI TORRICOLA VECCHIA;;;Infortunio per caduta del veicolo;Incrocio;Una carreggiata a doppio senso;Sdrucciolevole (terriccio);Asfaltata;Assente;Sereno;Normale;Buona;Ore Diurne;2;0;0;0;12.53822;41.8119;-1;1;Motociclo con passeggero;In marcia / fermata / arresto;Conducente;M;Rimandato;0;NON DECEDUTO;Non accertato;
2868883;11;21/06/2016 15:30;Strada Urbana;VIA DI TORRICOLA;all'intersezione con;VIA DI TORRICOLA VECCHIA;VIA DI TORRICOLA VECCHIA;;;Infortunio per caduta del veicolo;Incrocio;Una carreggiata a doppio senso;Sdrucciolevole (terriccio);Asfaltata;Assente;Sereno;Normale;Buona;Ore Diurne;2;0;0;0;12.53822;41.8119;-1;1;Motociclo con passeggero;In marcia / fermata / arresto;Passeggero;F;Rimandato;0;NON DECEDUTO;Non accertato;
2868885;8;21/06/2016 09:30;Strada Urbana;VIALE DELLA SORBONA;da specificare;;;;prima rotatoria dir. Fosso di S. Maura;Scontro laterale fra veicoli in marcia;Curva a visuale libera;Una carreggiata a senso unico di marcia;Asciutto;Asfaltata;Verticale ed orizzontale;Sereno;Normale;Buona;Ore Diurne;0;0;0;2;12.61206;41.85464;-1;1;Autovettura privata;In marcia / fermata / arresto;Conducente;M;Illeso;0;;Non accertato;Inesploso
2868885;8;21/06/2016 09:30;Strada Urbana;VIALE DELLA SORBONA;da specificare;;;;prima rotatoria dir. Fosso di S. Maura;Scontro laterale fra veicoli in marcia;Curva a visuale libera;Una carreggiata a senso unico di marcia;Asciutto;Asfaltata;Verticale ed orizzontale;Sereno;Normale;Buona;Ore Diurne;0;0;0;2;12.61206;41.85464;-1;2;Autovettura privata;In marcia / fermata / arresto;Conducente;M;Illeso;0;;Non accertato;Inesploso
2868886;1;21/06/2016 10:50;Strada Urbana;PIAZZA DELLA ROVERE;in corrispondenza;;del palo luce n.;11;;Scontro laterale fra veicoli in marcia;Rettilineo;Più di due carreggiate;Asciutto;Asfaltata;Verticale ed orizzontale;Sereno;Normale;Buona;Ore Diurne;1;0;0;1;12.46262;41.89928;-1;1;Autocarro inferiore 35 q.;In marcia / fermata / arresto;Conducente;M;Illeso;0;;Non accertato;
2868886;1;21/06/2016 10:50;Strada Urbana;PIAZZA DELLA ROVERE;in corrispondenza;;del palo luce n.;11;;Scontro laterale fra veicoli in marcia;Rettilineo;Più di due carreggiate;Asciutto;Asfaltata;Verticale ed orizzontale;Sereno;Normale;Buona;Ore Diurne;1;0;0;1;12.46262;41.89928;-1;2;Motociclo a solo;In marcia / fermata / arresto;Conducente;M;Rifiuta cure immediate;0;NON DECEDUTO;Non accertato;
2868887;9;21/06/2016 16:50;Strada Urbana;PIAZZA TUSCOLO;all'intersezione semaforizzata con;VIA GALLIA;VIA GALLIA;;;Scontro frontale/laterale SX fra veicoli in marcia;Intersezione semaforizzata;Una carreggiata a doppio senso;Asciutto;Asfaltata;Verticale ed orizzontale;Sereno;Normale;Buona;Ore Diurne;0;0;0;2;12.50397;41.88103;-1;1;Autovettura privata;In marcia / fermata / arresto;Conducente;M;Illeso;0;;Utilizzato;Inesploso
2868887;9;21/06/2016 16:50;Strada Urbana;PIAZZA TUSCOLO;all'intersezione semaforizzata con;VIA GALLIA;VIA GALLIA;;;Scontro frontale/laterale SX fra veicoli in marcia;Intersezione semaforizzata;Una carreggiata a doppio senso;Asciutto;Asfaltata;Verticale ed orizzontale;Sereno;Normale;Buona;Ore Diurne;0;0;0;2;12.50397;41.88103;-1;2;Motociclo a solo;In marcia / fermata / arresto;Conducente;M;Illeso;0;;Utilizzato;
2868915;11;21/06/2016 18:20;Provinciale entro l'abitato;VIA ARDEATINA;da specificare;;;;altezza rampa accesso G.R.A. direzione Fiumicino;Scontro frontale fra veicoli in marcia;Rettilineo;Una carreggiata a doppio senso;Asciutto;Asfaltata;Verticale ed orizzontale;Sereno;Intenso;Buona;Ore Diurne;0;0;0;4;12.53466;41.79733;-1;1;Autovettura privata;In marcia / fermata / arresto;Conducente;M;Illeso;0;;;
2868915;11;21/06/2016 18:20;Provinciale entro l'abitato;VIA ARDEATINA;da specificare;;;;altezza rampa accesso G.R.A. direzione Fiumicino;Scontro frontale fra veicoli in marcia;Rettilineo;Una carreggiata a doppio senso;Asciutto;Asfaltata;Verticale ed orizzontale;Sereno;Intenso;Buona;Ore Diurne;0;0;0;4;12.53466;41.79733;-1;1;Autovettura privata;In marcia / fermata / arresto;Passeggero;F;Illeso;0;;Non accertato;Inesploso
2868915;11;21/06/2016 18:20;Provinciale entro l'abitato;VIA ARDEATINA;da specificare;;;;altezza rampa accesso G.R.A. direzione Fiumicino;Scontro frontale fra veicoli in marcia;Rettilineo;Una carreggiata a doppio senso;Asciutto;Asfaltata;Verticale ed orizzontale;Sereno;Intenso;Buona;Ore Diurne;0;0;0;4;12.53466;41.79733;-1;2;Autovettura privata;In marcia / fermata / arresto;Conducente;M;Illeso;0;;;
2868915;11;21/06/2016 18:20;Provinciale entro l'abitato;VIA ARDEATINA;da specificare;;;;altezza rampa accesso G.R.A. direzione Fiumicino;Scontro frontale fra veicoli in marcia;Rettilineo;Una carreggiata a doppio senso;Asciutto;Asfaltata;Verticale ed orizzontale;Sereno;Intenso;Buona;Ore Diurne;0;0;0;4;12.53466;41.79733;-1;2;Autovettura privata;In marcia / fermata / arresto;Passeggero;M;Illeso;0;;Non accertato;Esploso
2868933;20;21/06/2016 09:45;Strada Urbana;VIALE ANTONINO DI SAN GIULIANO;da specificare;;;;rampa per Galleria Giovanni XXIII;Ribaltamento senza urto contro ostacolo fisso;Curva a visuale libera;Una carreggiata a senso unico di marcia;Asciutto;Asfaltata;Verticale ed orizzontale;Nebbia;Intenso;Buona;Ore Diurne;1;0;0;0;12.46051;41.9372;-1;1;Motociclo a solo;In marcia / fermata / arresto;Conducente;M;Ricoverato;0;NON DECEDUTO;Utilizzato;
2868970;20;21/06/2016 09:50;Strada Urbana;VIA DEGLI ORTI DELLA FARNESINA;da specificare;;;;ptà Via della Maratona alt. attraversamento pedona;Investimento di pedone;Rettilineo;Una carreggiata a senso unico di marcia;Asciutto;Asfaltata;Orizzontale;Sereno;Normale;Buona;Ore Diurne;1;0;0;1;12.46215;41.94238;-1;;;;Pedone;M;Rimandato;0;NON DECEDUTO;;
2868970;20;21/06/2016 09:50;Strada Urbana;VIA DEGLI ORTI DELLA FARNESINA;da specificare;;;;ptà Via della Maratona alt. attraversamento pedona;Investimento di pedone;Rettilineo;Una carreggiata a senso unico di marcia;Asciutto;Asfaltata;Orizzontale;Sereno;Normale;Buona;Ore Diurne;1;0;0;1;12.46215;41.94238;-1;1;Autovettura privata;In marcia / fermata / arresto;Conducente;M;Illeso;0;;Non accertato;Inesploso
2868975;15;21/06/2016 15:10;Strada Urbana;PIAZZA DELLA RADIO;da specificare;;;;fronte civico 70;Veicolo in marcia contro ostacolo fisso;Rettilineo;Due carreggiate;Asciutto;Asfaltata;Verticale ed orizzontale;Sereno;Normale;Buona;Ore Diurne;0;0;0;2;12.46764;41.86971;-1;1;Veicolo speciale;In marcia / fermata / arresto;Conducente;M;Illeso;0;;Utilizzato;
2868975;15;21/06/2016 15:10;Strada Urbana;PIAZZA DELLA RADIO;da specificare;;;;fronte civico 70;Veicolo in marcia contro ostacolo fisso;Rettilineo;Due carreggiate;Asciutto;Asfaltata;Verticale ed orizzontale;Sereno;Normale;Buona;Ore Diurne;0;0;0;2;12.46764;41.86971;-1;2;Motociclo a solo;In marcia / fermata / arresto;Conducente;M;Illeso;0;;Utilizzato;
2868981;15;21/06/2016 14:30;Strada Urbana;VIA LUIGI ERCOLE MORSELLI;all'intersezione con;VIA LUIGI DASTI;VIA LUIGI DASTI;;;Tamponamento;Incrocio;Una carreggiata a doppio senso;Asciutto;Asfaltata;Verticale ed orizzontale;Nuvoloso;Normale;Buona;Ore Diurne;0;0;0;2;12.41351;41.8264;-1;1;Autovettura privata;In marcia / fermata / arresto;Conducente;M;Illeso;0;;Utilizzato;
2868981;15;21/06/2016 14:30;Strada Urbana;VIA LUIGI ERCOLE MORSELLI;all'intersezione con;VIA LUIGI DASTI;VIA LUIGI DASTI;;;Tamponamento;Incrocio;Una carreggiata a doppio senso;Asciutto;Asfaltata;Verticale ed orizzontale;Nuvoloso;Normale;Buona;Ore Diurne;0;0;0;2;12.41351;41.8264;-1;2;Autovettura privata;In marcia / fermata / arresto;Conducente;M;Illeso;0;;Utilizzato;
2868995;7;22/06/2016 05:50;Strada Urbana;VIA COLLATINA;in prossimità;;del civico n.;456;;Scontro laterale fra veicoli in marcia;Rettilineo;Una carreggiata a doppio senso;Asciutto;Asfaltata;Orizzontale;Sereno;Scarso;Sufficiente;Ore Diurne;0;0;0;2;12.61432;41.90351;-1;1;Autovettura privata;In marcia / fermata / arresto;Conducente;M;Illeso;0;;Non accertato;Inesploso
2868995;7;22/06/2016 05:50;Strada Urbana;VIA COLLATINA;in prossimità;;del civico n.;456;;Scontro laterale fra veicoli in marcia;Rettilineo;Una carreggiata a doppio senso;Asciutto;Asfaltata;Orizzontale;Sereno;Scarso;Sufficiente;Ore Diurne;0;0;0;2;12.61432;41.90351;-1;2;Autovettura privata;In marcia / fermata / arresto;Conducente;M;Illeso;0;;Non accertato;Inesploso