Protocollo;Gruppo;DataOraIncidente;Localizzazione1;STRADA1;Localizzazione2;STRADA2;Strada02;Chilometrica;DaSpecificare;NaturaIncidente;particolaritastrade;TipoStrada;FondoStradale;Pavimentazione;Segnaletica;CondizioneAtmosferica;Traffico;Visibilita;Illuminazione;NUM_FERITI;NUM_RISERVATA;NUM_MORTI;NUM_ILLESI;Longitudine;Latitudine;Confermato;Progressivo;TipoVeicolo;StatoVeicolo;TipoPersona;Sesso;Tipolesione;Deceduto;DecedutoDopo;CinturaCascoUtilizzato;Airbag
2870604;18;22/06/2016 11:30;Strada Urbana;VIA DEL QUARTACCIO;in corrispondenza;;del civico n.;51;;Tamponamento;Rettilineo;Una carreggiata a doppio senso;Asciutto;Asfaltata;Assente;Sereno;Normale;Buona;Ore Diurne;1;0;0;2;12.39026;41.91768;-1;1;Motociclo a solo;In marcia / fermata / arresto;Conducente;M;Rimandato;0;NON DECEDUTO;Non accertato;
2870604;18;22/06/2016 11:30;Strada Urbana;VIA DEL QUARTACCIO;in corrispondenza;;del civico n.;51;;Tamponamento;Rettilineo;Una carreggiata a doppio senso;Asciutto;Asfaltata;Assente;Sereno;Normale;Buona;Ore Diurne;1;0;0;2;12.39026;41.91768;-1;2;Autovettura privata;In marcia / fermata / arresto;Conducente;F;Illeso;0;;;
2870604;18;22/06/2016 11:30;Strada Urbana;VIA DEL QUARTACCIO;in corrispondenza;;del civico n.;51;;Tamponamento;Rettilineo;Una carreggiata a doppio senso;Asciutto;Asfaltata;Assente;Sereno;Normale;Buona;Ore Diurne;1;0;0;2;12.39026;41.91768;-1;2;Autovettura privata;In marcia / fermata / arresto;Passeggero;F;Illeso;0;;;
2870607;10;22/06/2016 06:20;Strada Urbana;VIA DELLE CAPANNELLE;da specificare;;;;altezza STTAZIONE DELLE CAPANNELLE;Scontro frontale/laterale DX fra veicoli in marcia;Curva a visuale libera;Una carreggiata a doppio senso;Asciutto;Asfaltata;Verticale ed orizzontale;Sereno;Normale;Buona;Ore Diurne;1;0;0;1;12.56812;41.83122;-1;1;Motociclo a solo;In marcia / fermata / arresto;Conducente;M;Rimandato;0;NON DECEDUTO;Non accertato;
2870607;10;22/06/2016 06:20;Strada Urbana;VIA DELLE CAPANNELLE;da specificare;;;;altezza STTAZIONE DELLE CAPANNELLE;Scontro frontale/laterale DX fra veicoli in marcia;Curva a visuale libera;Una carreggiata a doppio senso;Asciutto;Asfaltata;Verticale ed orizzontale;Sereno;Normale;Buona;Ore Diurne;1;0;0;1;12.56812;41.83122;-1;2;Autovettura privata;In marcia / fermata / arresto;Conducente;F;Illeso;0;;Non accertato;Inesploso
2870609;18;22/06/2016 17:40;Strada Urbana;VIA DI VAL CANNUTA;all'intersezione con;VIA DI BOCCEA;VIA DI BOCCEA;;;Tamponamento;Intersezione stradale segnalata;Una carreggiata a doppio senso;Asciutto;Asfaltata;Verticale ed orizzontale;Sereno;Normale;Buona;Ore Diurne;0;0;0;3;12.41029;41.89698;-1;1;Autovettura privata;In marcia / fermata / arresto;Conducente;M;Illeso;0;;;
2870609;18;22/06/2016 17:40;Strada Urbana;VIA DI VAL CANNUTA;all'intersezione con;VIA DI BOCCEA;VIA DI BOCCEA;;;Tamponamento;Intersezione stradale segnalata;Una carreggiata a doppio senso;Asciutto;Asfaltata;Verticale ed orizzontale;Sereno;Normale;Buona;Ore Diurne;0;0;0;3;12.41029;41.89698;-1;1;Autovettura privata;In marcia / fermata / arresto;Passeggero;F;Illeso;0;;;
2870609;18;22/06/2016 17:40;Strada Urbana;VIA DI VAL CANNUTA;all'intersezione con;VIA DI BOCCEA;VIA DI BOCCEA;;;Tamponamento;Intersezione stradale segnalata;Una carreggiata a doppio senso;Asciutto;Asfaltata;Verticale ed orizzontale;Sereno;Normale;Buona;Ore Diurne;0;0;0;3;12.41029;41.89698;-1;2;Autovettura privata;In marcia / fermata / arresto;Conducente;F;Illeso;0;;;
2870611;15;22/06/2016 07:05;Strada Urbana;VIA PORTUENSE;in prossimità;;del civico n.;747;;Tamponamento;Rettilineo;Una carreggiata a doppio senso;Asciutto;Asfaltata;Verticale ed orizzontale;Sereno;Normale;Buona;Ore Diurne;1;0;0;1;12.42612;41.85111;-1;1;Autocarro inferiore 35 q.;In marcia / fermata / arresto;Conducente;M;Illeso;0;;;
2870611;15;22/06/2016 07:05;Strada Urbana;VIA PORTUENSE;in prossimità;;del civico n.;747;;Tamponamento;Rettilineo;Una carreggiata a doppio senso;Asciutto;Asfaltata;Verticale ed orizzontale;Sereno;Normale;Buona;Ore Diurne;1;0;0;1;12.42612;41.85111;-1;2;Autovettura privata;In marcia / fermata / arresto;Conducente;F;Rimandato;0;NON DECEDUTO;;
2870614;10;22/06/2016 07:30;Strada Urbana;CIRCONVALLAZIONE ORIENTALE;da specificare;;;;INTERNA LATERALE ALT. SVINCOLO CIAMPINO;Scontro laterale fra veicoli in marcia;Rettilineo;Una carreggiata a senso unico di marcia;Asciutto;Asfaltata;Verticale ed orizzontale;Sereno;Normale;Sufficiente;Ore Diurne;0;0;0;4;12.57475;41.81459;-1;1;Autovettura privata;In marcia / fermata / arresto;Conducente;M;Illeso;0;;;Inesploso
2870614;10;22/06/2016 07:30;Strada Urbana;CIRCONVALLAZIONE ORIENTALE;da specificare;;;;INTERNA LATERALE ALT. SVINCOLO CIAMPINO;Scontro laterale fra veicoli in marcia;Rettilineo;Una carreggiata a senso unico di marcia;Asciutto;Asfaltata;Verticale ed orizzontale;Sereno;Normale;Sufficiente;Ore Diurne;0;0;0;4;12.57475;41.81459;-1;2;Macchina operatrice;In marcia / fermata / arresto;Conducente;M;Illeso;0;;;
2870614;10;22/06/2016 07:30;Strada Urbana;CIRCONVALLAZIONE ORIENTALE;da specificare;;;;INTERNA LATERALE ALT. SVINCOLO CIAMPINO;Scontro laterale fra veicoli in marcia;Rettilineo;Una carreggiata a senso unico di marcia;Asciutto;Asfaltata;Verticale ed orizzontale;Sereno;Normale;Sufficiente;Ore Diurne;0;0;0;4;12.57475;41.81459;-1;2;Macchina operatrice;In marcia / fermata / arresto;Passeggero;M;Illeso;0;;Non accertato;Inesploso
2870614;10;22/06/2016 07:30;Strada Urbana;CIRCONVALLAZIONE ORIENTALE;da specificare;;;;INTERNA LATERALE ALT. SVINCOLO CIAMPINO;Scontro laterale fra veicoli in marcia;Rettilineo;Una carreggiata a senso unico di marcia;Asciutto;Asfaltata;Verticale ed orizzontale;Sereno;Normale;Sufficiente;Ore Diurne;0;0;0;4;12.57475;41.81459;-1;2;Macchina operatrice;In marcia / fermata / arresto;Passeggero;M;Illeso;0;;Non accertato;Inesploso
2870617;17;22/06/2016 17:55;Strada Urbana;VIALE DELLE MEDAGLIE D'ORO;all'intersezione con;VIA LUIGI RIZZO;VIA LUIGI RIZZO;;;Tamponamento;Intersezione stradale segnalata;Una carreggiata a doppio senso;Asciutto;Asfaltata;Verticale ed orizzontale;Sereno;Normale;Buona;Ore Diurne;0;0;0;2;12.44738;41.91008;-1;1;Autocarro inferiore 35 q.;In marcia / fermata / arresto;Conducente;M;Illeso;0;;Non accertato;Inesploso
2870617;17;22/06/2016 17:55;Strada Urbana;VIALE DELLE MEDAGLIE D'ORO;all'intersezione con;VIA LUIGI RIZZO;VIA LUIGI RIZZO;;;Tamponamento;Intersezione stradale segnalata;Una carreggiata a doppio senso;Asciutto;Asfaltata;Verticale ed orizzontale;Sereno;Normale;Buona;Ore Diurne;0;0;0;2;12.44738;41.91008;-1;2;Autovettura privata;In marcia / fermata / arresto;Conducente;M;Illeso;0;;Non accertato;Inesploso
2870620;10;22/06/2016 09:50;Strada Urbana;VIA LICINIO STOLONE;all'intersezione con;VIA STATILIO OTTATO;VIA STATILIO OTTATO;;;Scontro frontale/laterale SX fra veicoli in marcia;Incrocio;Una carreggiata a senso unico di marcia;Asciutto;Asfaltata;Verticale ed orizzontale;Sereno;Normale;Sufficiente;Ore Diurne;0;0;0;2;12.56734;41.85566;-1;1;Autovettura privata;In marcia / fermata / arresto;Conducente;M;Illeso;0;;Non accertato;Inesploso
2870620;10;22/06/2016 09:50;Strada Urbana;VIA LICINIO STOLONE;all'intersezione con;VIA STATILIO OTTATO;VIA STATILIO OTTATO;;;Scontro frontale/laterale SX fra veicoli in marcia;Incrocio;Una carreggiata a senso unico di marcia;Asciutto;Asfaltata;Verticale ed orizzontale;Sereno;Normale;Sufficiente;Ore Diurne;0;0;0;2;12.56734;41.85566;-1;2;Autovettura privata;In marcia / fermata / arresto;Conducente;M;Illeso;0;;Non accertato;Inesploso
2870623;5;22/06/2016 12:40;Strada Urbana;VIA FABRIANO;all'intersezione con;VIA FIUMINATA;VIA FIUMINATA;;;Scontro frontale/laterale SX fra veicoli in marcia;Incrocio;Una carreggiata a doppio senso;Asciutto;Asfaltata;Verticale ed orizzontale;Sereno;Normale;Buona;Ore Diurne;1;0;0;2;12.58441;41.94081;-1;1;Autovettura privata;In marcia / fermata / arresto;Conducente;M;Illeso;0;;Non accertato;Esploso
2870623;5;22/06/2016 12:40;Strada Urbana;VIA FABRIANO;all'intersezione con;VIA FIUMINATA;VIA FIUMINATA;;;Scontro frontale/laterale SX fra veicoli in marcia;Incrocio;Una carreggiata a doppio senso;Asciutto;Asfaltata;Verticale ed orizzontale;Sereno;Normale;Buona;Ore Diurne;1;0;0;2;12.58441;41.94081;-1;1;Autovettura privata;In marcia / fermata / arresto;Passeggero;M;Rimandato;0;NON DECEDUTO;Non accertato;Inesploso
2870623;5;22/06/2016 12:40;Strada Urbana;VIA FABRIANO;all'intersezione con;VIA FIUMINATA;VIA FIUMINATA;;;Scontro frontale/laterale SX fra veicoli in marcia;Incrocio;Una carreggiata a doppio senso;Asciutto;Asfaltata;Verticale ed orizzontale;Sereno;Normale;Buona;Ore Diurne;1;0;0;2;12.58441;41.94081;-1;2;Autovettura privata;In marcia / fermata / arresto;Conducente;M;Illeso;0;;Non accertato;Esploso
2870624;10;22/06/2016 16:00;Strada Urbana;VIA DI TOR VERGATA;in prossimità;;del civico n.;365;;Tamponamento Multiplo;Rettilineo;Una carreggiata a doppio senso;Asciutto;Asfaltata;Verticale ed orizzontale;Sereno;Intenso;Buona;Ore Diurne;0;0;0;4;12.6206;41.83198;-1;1;Autovettura privata;In marcia / fermata / arresto;Conducente;F;Illeso;0;;Non accertato;Inesploso
2870624;10;22/06/2016 16:00;Strada Urbana;VIA DI TOR VERGATA;in prossimità;;del civico n.;365;;Tamponamento Multiplo;Rettilineo;Una carreggiata a doppio senso;Asciutto;Asfaltata;Verticale ed orizzontale;Sereno;Intenso;Buona;Ore Diurne;0;0;0;4;12.6206;41.83198;-1;2;Autovettura privata;In marcia / fermata / arresto;Conducente;M;Illeso;0;;Non accertato;Inesploso
2870624;10;22/06/2016 16:00;Strada Urbana;VIA DI TOR VERGATA;in prossimità;;del civico n.;365;;Tamponamento Multiplo;Rettilineo;Una carreggiata a doppio senso;Asciutto;Asfaltata;Verticale ed orizzontale;Sereno;Intenso;Buona;Ore Diurne;0;0;0;4;12.6206;41.83198;-1;3;Autocarro inferiore 35 q.;In marcia / fermata / arresto;Conducente;M;Illeso;0;;Non accertato;Inesploso
2870624;10;22/06/2016 16:00;Strada Urbana;VIA DI TOR VERGATA;in prossimità;;del civico n.;365;;Tamponamento Multiplo;Rettilineo;Una carreggiata a doppio senso;Asciutto;Asfaltata;Verticale ed orizzontale;Sereno;Intenso;Buona;Ore Diurne;0;0;0;4;12.6206;41.83198;-1;3;Autocarro inferiore 35 q.;In marcia / fermata / arresto;Passeggero;M;Illeso;0;;Non accertato;Inesploso
2870627;10;22/06/2016 19:20;Strada Urbana;VIA ANDREA MONETA;da specificare;;;;palo A.C.E.A. n. 11/13;Tamponamento Multiplo;Rettilineo;Una carreggiata a doppio senso;Asciutto;Asfaltata;Verticale ed orizzontale;Sereno;Normale;Sufficiente;Ore Diurne;0;0;0;4;12.58809;41.84599;-1;1;Autovettura privata;In marcia / fermata / arresto;Conducente;F;Illeso;0;;Non accertato;Inesploso
2870627;10;22/06/2016 19:20;Strada Urbana;VIA ANDREA MONETA;da specificare;;;;palo A.C.E.A. n. 11/13;Tamponamento Multiplo;Rettilineo;Una carreggiata a doppio senso;Asciutto;Asfaltata;Verticale ed orizzontale;Sereno;Normale;Sufficiente;Ore Diurne;0;0;0;4;12.58809;41.84599;-1;2;Autovettura privata;In marcia / fermata / arresto;Conducente;M;Illeso;0;;Non accertato;Inesploso
2870627;10;22/06/2016 19:20;Strada Urbana;VIA ANDREA MONETA;da specificare;;;;palo A.C.E.A. n. 11/13;Tamponamento Multiplo;Rettilineo;Una carreggiata a doppio senso;Asciutto;Asfaltata;Verticale ed orizzontale;Sereno;Normale;Sufficiente;Ore Diurne;0;0;0;4;12.58809;41.84599;-1;2;Autovettura privata;In marcia / fermata / arresto;Passeggero;F;Illeso;0;;Non accertato;Inesploso
2870627;10;22/06/2016 19:20;Strada Urbana;VIA ANDREA MONETA;da specificare;;;;palo A.C.E.A. n. 11/13;Tamponamento Multiplo;Rettilineo;Una carreggiata a doppio senso;Asciutto;Asfaltata;Verticale ed orizzontale;Sereno;Normale;Sufficiente;Ore Diurne;0;0;0;4;12.58809;41.84599;-1;3;Autovettura privata;In marcia / fermata / arresto;Conducente;M;Illeso;0;;Non accertato;Inesploso
2870634;15;22/06/2016 10:45;Strada Urbana;VIALE GUGLIELMO MARCONI;da specificare;;;;fronte civ. 129;Veicolo in marcia contro veicolo fermo;Rettilineo;Due carreggiate;Asciutto;Asfaltata;Verticale ed orizzontale;Sereno;Intenso;Buona;Ore Diurne;1;0;0;1;12.47148;41.85669;-1;1;Autovettura privata;In marcia / fermata / arresto;Conducente;M;Illeso;0;;Utilizzato;
2870634;15;22/06/2016 10:45;Strada Urbana;VIALE GUGLIELMO MARCONI;da specificare;;;;fronte civ. 129;Veicolo in marcia contro veicolo fermo;Rettilineo;Due carreggiate;Asciutto;Asfaltata;Verticale ed orizzontale;Sereno;Intenso;Buona;Ore Diurne;1;0;0;1;12.47148;41.85669;-1;2;Motociclo a solo;In marcia / fermata / arresto;Conducente;M;Rimandato;0;NON DECEDUTO;Utilizzato;
2870637;7;22/06/2016 15:00;Strada Urbana;VIALE PALMIRO TOGLIATTI;all'intersezione con;VIA SANTI ROMANO;VIA SANTI ROMANO;;;Scontro frontale/laterale SX fra veicoli in marcia;Incrocio;Due carreggiate;Asciutto;Asfaltata;Verticale ed orizzontale;Sereno;Normale;Buona;Ore Diurne;0;0;0;2;12.56886;41.86245;-1;1;Autocarro inferiore 35 q.;In marcia / fermata / arresto;Conducente;M;Illeso;0;;;
2870637;7;22/06/2016 15:00;Strada Urbana;VIALE PALMIRO TOGLIATTI;all'intersezione con;VIA SANTI ROMANO;VIA SANTI ROMANO;;;Scontro frontale/laterale SX fra veicoli in marcia;Incrocio;Due carreggiate;Asciutto;Asfaltata;Verticale ed orizzontale;Sereno;Normale;Buona;Ore Diurne;0;0;0;2;12.56886;41.86245;-1;2;Autovettura privata;In marcia / fermata / arresto;Conducente;M;Illeso;0;;;
2870641;8;22/06/2016 09:05;Strada Urbana;VIA DEL TORRACCIO;all'intersezione con;VIA ARIGLIANO;VIA ARIGLIANO;;;Scontro frontale/laterale DX fra veicoli in marcia;Intersezione non regolata/non segnalata;Una carreggiata a doppio senso;Asciutto;Asfaltata;Verticale;Sereno;Normale;Buona;Ore Diurne;0;0;0;4;12.65572;41.84938;-1;1;Autovettura privata;In marcia / fermata / arresto;Passeggero;M;Illeso;0;;;
2870641;8;22/06/2016 09:05;Strada Urbana;VIA DEL TORRACCIO;all'intersezione con;VIA ARIGLIANO;VIA ARIGLIANO;;;Scontro frontale/laterale DX fra veicoli in marcia;Intersezione non regolata/non segnalata;Una carreggiata a doppio senso;Asciutto;Asfaltata;Verticale;Sereno;Normale;Buona;Ore Diurne;0;0;0;4;12.65572;41.84938;-1;1;Autovettura privata;In marcia / fermata / arresto;Conducente;F;Illeso;0;;;
2870641;8;22/06/2016 09:05;Strada Urbana;VIA DEL TORRACCIO;all'intersezione con;VIA ARIGLIANO;VIA ARIGLIANO;;;Scontro frontale/laterale DX fra veicoli in marcia;Intersezione non regolata/non segnalata;Una carreggiata a doppio senso;Asciutto;Asfaltata;Verticale;Sereno;Normale;Buona;Ore Diurne;0;0;0;4;12.65572;41.84938;-1;2;Autovettura privata;In marcia / fermata / arresto;Conducente;M;Illeso;0;;;
2870641;8;22/06/2016 09:05;Strada Urbana;VIA DEL TORRACCIO;all'intersezione con;VIA ARIGLIANO;VIA ARIGLIANO;;;Scontro frontale/laterale DX fra veicoli in marcia;Intersezione non regolata/non segnalata;Una carreggiata a doppio senso;Asciutto;Asfaltata;Verticale;Sereno;Normale;Buona;Ore Diurne;0;0;0;4;12.65572;41.84938;-1;3;Autocarro inferiore 35 q.;In marcia / fermata / arresto;Conducente;M;Illeso;0;;;
2870644;8;22/06/2016 09:10;Strada Urbana;VIA ROCCO POZZI;in prossimità;;del civico n.;54;;Veicolo in marcia contro ostacolo accidentale;Rettilineo;Una carreggiata a senso unico di marcia;Sdrucciolevole (pietrisco);Asfaltata;Assente;Sereno;Scarso;Buona;Ore Diurne;1;0;0;0;12.6271;41.87129;-1;1;Motociclo a solo;In marcia / fermata / arresto;Conducente;M;Rifiuta cure immediate;0;NON DECEDUTO;Non accertato;
2870647;8;22/06/2016 18:00;Strada Urbana;VIA PADRE GIUSEPPE PETRILLI;in prossimità;;del civico n.;29;;Veicolo in marcia contro ostacolo accidentale;Rettilineo;Una carreggiata a doppio senso;Asciutto;Asfaltata;Verticale ed orizzontale;Sereno;Normale;Buona;Ore Diurne;0;0;0;2;12.66967;41.90788;-1;1;Autovettura privata;In marcia / fermata / arresto;Conducente;F;Illeso;0;;Non accertato;Inesploso
2870647;8;22/06/2016 18:00;Strada Urbana;VIA PADRE GIUSEPPE PETRILLI;in prossimità;;del civico n.;29;;Veicolo in marcia contro ostacolo accidentale;Rettilineo;Una carreggiata a doppio senso;Asciutto;Asfaltata;Verticale ed orizzontale;Sereno;Normale;Buona;Ore Diurne;0;0;0;2;12.66967;41.90788;-1;1;Autovettura privata;In marcia / fermata / arresto;Passeggero;M;Illeso;0;;Non accertato;Inesploso
2870650;5;22/06/2016 11:50;Strada Urbana;VIA BERNARDINO BERNARDINI;da specificare;;;;PROSSIMITA' SCUOLA SAN CLETO;Investimento di pedone;Rettilineo;Una carreggiata a doppio senso;Asciutto;Asfaltata;Verticale ed orizzontale;Sereno;Normale;Buona;Ore Diurne;1;0;0;1;12.57152;41.94658;-1;;;;Pedone;M;Rimandato;0;NON DECEDUTO;;
2870650;5;22/06/2016 11:50;Strada Urbana;VIA BERNARDINO BERNARDINI;da specificare;;;;PROSSIMITA' SCUOLA SAN CLETO;Investimento di pedone;Rettilineo;Una carreggiata a doppio senso;Asciutto;Asfaltata;Verticale ed orizzontale;Sereno;Normale;Buona;Ore Diurne;1;0;0;1;12.57152;41.94658;-1;1;Autovettura privata;In marcia / fermata / arresto;Conducente;F;Illeso;0;;Non accertato;Inesploso
2870651;15;22/06/2016 09:55;Strada Urbana;VIA DELLA MAGLIANA;in corrispondenza;;del civico n.;204;;Scontro laterale fra veicoli in marcia;Rettilineo;Una carreggiata a doppio senso;Asciutto;Asfaltata;Orizzontale;Sereno;Normale;Buona;Ore Diurne;1;0;0;1;12.45855;41.84964;-1;1;Autovettura privata;In marcia / fermata / arresto;Conducente;M;Illeso;0;;;
2870651;15;22/06/2016 09:55;Strada Urbana;VIA DELLA MAGLIANA;in corrispondenza;;del civico n.;204;;Scontro laterale fra veicoli in marcia;Rettilineo;Una carreggiata a doppio senso;Asciutto;Asfaltata;Orizzontale;Sereno;Normale;Buona;Ore Diurne;1;0;0;1;12.45855;41.84964;-1;2;Motociclo a solo;In marcia / fermata / arresto;Conducente;M;Ricoverato;0;NON DECEDUTO;Utilizzato;
2870652;8;22/06/2016 16:00;Strada Urbana;VIA VILLABATE;all'intersezione con;VIA RADDUSA;VIA RADDUSA;;;Scontro frontale/laterale DX fra veicoli in marcia;Incrocio;Una carreggiata a doppio senso;Asciutto;Asfaltata;Verticale;Sereno;Normale;Sufficiente;Ore Diurne;0;0;0;3;12.65139;41.86925;-1;1;Autovettura privata;In marcia / fermata / arresto;Conducente;M;Illeso;0;;Non accertato;Inesploso
2870652;8;22/06/2016 16:00;Strada Urbana;VIA VILLABATE;all'intersezione con;VIA RADDUSA;VIA RADDUSA;;;Scontro frontale/laterale DX fra veicoli in marcia;Incrocio;Una carreggiata a doppio senso;Asciutto;Asfaltata;Verticale;Sereno;Normale;Sufficiente;Ore Diurne;0;0;0;3;12.65139;41.86925;-1;1;Autovettura privata;In marcia / fermata / arresto;Passeggero;F;Illeso;0;;Non accertato;Inesploso
2870652;8;22/06/2016 16:00;Strada Urbana;VIA VILLABATE;all'intersezione con;VIA RADDUSA;VIA RADDUSA;;;Scontro frontale/laterale DX fra veicoli in marcia;Incrocio;Una carreggiata a doppio senso;Asciutto;Asfaltata;Verticale;Sereno;Normale;Sufficiente;Ore Diurne;0;0;0;3;12.65139;41.86925;-1;2;Autovettura privata;In marcia / fermata / arresto;Conducente;M;Illeso;0;;Non accertato;Inesploso
2870660;19;22/06/2016 12:30;Strada Urbana;VIA DELLE CALASANZIANE;in prossimità;;del civico n.;64;;Scontro frontale/laterale DX fra veicoli in marcia;Rettilineo;Una carreggiata a senso unico di marcia;Asciutto;Asfaltata;Assente;Sereno;Scarso;Buona;Ore Diurne;0;0;0;2;12.41871;41.91848;-1;1;Autovettura privata;In marcia / fermata / arresto;Conducente;F;Illeso;0;;;
2870660;19;22/06/2016 12:30;Strada Urbana;VIA DELLE CALASANZIANE;in prossimità;;del civico n.;64;;Scontro frontale/laterale DX fra veicoli in marcia;Rettilineo;Una carreggiata a senso unico di marcia;Asciutto;Asfaltata;Assente;Sereno;Scarso;Buona;Ore Diurne;0;0;0;2;12.41871;41.91848;-1;2;Motociclo a solo;In marcia / fermata / arresto;Conducente;M;Illeso;0;;;
2870661;20;22/06/2016 11:30;Strada Urbana;VIA DEL FORO ITALICO;da specificare;;;;dir. Salaria svincolo rampa Ponte Milvio;Veicolo in marcia contro ostacolo fisso;Rettilineo;Due carreggiate;Asciutto;Asfaltata;Verticale ed orizzontale;Sereno;Scarso;Buona;Ore Diurne;1;0;0;0;12.48375;41.93991;-1;1;Autovettura privata;In marcia / fermata / arresto;Conducente;F;Rimandato;0;NON DECEDUTO;Non accertato;
2870667;5;22/06/2016 17:40;Strada Urbana;VIA DEI MONTI TIBURTINI;da specificare;;;;DIREZIONE VIA DURANTINI PROSSIMITA' VIA SEGUENZA;Tamponamento;Rettilineo;Due carreggiate;Asciutto;Asfaltata;Orizzontale;Sereno;Normale;Buona;Ore Diurne;1;0;0;2;12.53329;41.92005;-1;1;Motociclo a solo;In marcia / fermata / arresto;Conducente;M;Illeso;0;;Non accertato;
2870667;5;22/06/2016 17:40;Strada Urbana;VIA DEI MONTI TIBURTINI;da specificare;;;;DIREZIONE VIA DURANTINI PROSSIMITA' VIA SEGUENZA;Tamponamento;Rettilineo;Due carreggiate;Asciutto;Asfaltata;Orizzontale;Sereno;Normale;Buona;Ore Diurne;1;0;0;2;12.53329;41.92005;-1;1;Motociclo a solo;In marcia / fermata / arresto;Passeggero;F;Rimandato;0;NON DECEDUTO;Non accertato;
2870667;5;22/06/2016 17:40;Strada Urbana;VIA DEI MONTI TIBURTINI;da specificare;;;;DIREZIONE VIA DURANTINI PROSSIMITA' VIA SEGUENZA;Tamponamento;Rettilineo;Due carreggiate;Asciutto;Asfaltata;Orizzontale;Sereno;Normale;Buona;Ore Diurne;1;0;0;2;12.53329;41.92005;-1;2;Autovettura privata;In marcia / fermata / arresto;Conducente;M;Illeso;0;;Non accertato;
2870674;17;22/06/2016 09:15;Strada Urbana;VIA TOMMASO CAMPANELLA;all'intersezione con;VIA GIROLAMO SAVONAROLA;VIA GIROLAMO SAVONAROLA;;;Scontro laterale fra veicoli in marcia;Incrocio;Una carreggiata a senso unico di marcia;Asciutto;Asfaltata;Verticale ed orizzontale;Sereno;Scarso;Buona;Ore Diurne;0;0;0;2;12.45158;41.91056;-1;1;Autovettura privata;In marcia / fermata / arresto;Conducente;F;Illeso;0;;Non accertato;Inesploso
2870674;17;22/06/2016 09:15;Strada Urbana;VIA TOMMASO CAMPANELLA;all'intersezione con;VIA GIROLAMO SAVONAROLA;VIA GIROLAMO SAVONAROLA;;;Scontro laterale fra veicoli in marcia;Incrocio;Una carreggiata a senso unico di marcia;Asciutto;Asfaltata;Verticale ed orizzontale;Sereno;Scarso;Buona;Ore Diurne;0;0;0;2;12.45158;41.91056;-1;2;Autovettura privata;In marcia / fermata / arresto;Conducente;M;Illeso;0;;Non accertato;Inesploso
2870678;10;23/06/2016 06:15;Strada Urbana;VIA CARTAGINE;da specificare;;;;prossimità civico 90;Veicolo in marcia contro veicolo in sosta;Rettilineo;Due carreggiate;Asciutto;Asfaltata;Verticale ed orizzontale;Sereno;Normale;Buona;Ore Diurne;0;0;0;1;12.55036;41.85956;-1;2;Autocarro superiore 35 q.;Allontanatosi;Conducente;M;Illeso;0;;Non accertato;
2870679;1;22/06/2016 12:55;Strada Urbana;LUNGOTEVERE MARZIO;in corrispondenza;;del civico n.;9;;Scontro laterale fra veicoli in marcia;Rettilineo;Una carreggiata a senso unico di marcia;Asciutto;Asfaltata;Verticale ed orizzontale;Sereno;Intenso;Sufficiente;Ore Diurne;1;0;0;2;12.47469;41.90391;-1;1;Autovettura privata;In marcia / fermata / arresto;Conducente;M;Illeso;0;;Non accertato;Inesploso
2870679;1;22/06/2016 12:55;Strada Urbana;LUNGOTEVERE MARZIO;in corrispondenza;;del civico n.;9;;Scontro laterale fra veicoli in marcia;Rettilineo;Una carreggiata a senso unico di marcia;Asciutto;Asfaltata;Verticale ed orizzontale;Sereno;Intenso;Sufficiente;Ore Diurne;1;0;0;2;12.47469;41.90391;-1;1;Autovettura privata;In marcia / fermata / arresto;Passeggero;M;Illeso;0;;Non accertato;
2870679;1;22/06/2016 12:55;Strada Urbana;LUNGOTEVERE MARZIO;in corrispondenza;;del civico n.;9;;Scontro laterale fra veicoli in marcia;Rettilineo;Una carreggiata a senso unico di marcia;Asciutto;Asfaltata;Verticale ed orizzontale;Sereno;Intenso;Sufficiente;Ore Diurne;1;0;0;2;12.47469;41.90391;-1;2;Velocipede;In marcia / fermata / arresto;Conducente;M;Rifiuta cure immediate;0;NON DECEDUTO;Esente;
2870688;20;22/06/2016 08:40;Strada Urbana;VIA SALVATORE CONTARINI;da specificare;;;;pross. Via Boselli;Veicolo in marcia contro veicolo fermo;Rettilineo;Una carreggiata a senso unico di marcia;Asciutto;Asfaltata;Verticale ed orizzontale;Sereno;Scarso;Buona;Ore Diurne;0;0;0;3;12.46101;41.93436;-1;1;Autovettura di polizia;In marcia / fermata / arresto;Conducente;F;Illeso;0;;;
2870688;20;22/06/2016 08:40;Strada Urbana;VIA SALVATORE CONTARINI;da specificare;;;;pross. Via Boselli;Veicolo in marcia contro veicolo fermo;Rettilineo;Una carreggiata a senso unico di marcia;Asciutto;Asfaltata;Verticale ed orizzontale;Sereno;Scarso;Buona;Ore Diurne;0;0;0;3;12.46101;41.93436;-1;1;Autovettura di polizia;In marcia / fermata / arresto;Passeggero;F;Illeso;0;;;
2870688;20;22/06/2016 08:40;Strada Urbana;VIA SALVATORE CONTARINI;da specificare;;;;pross. Via Boselli;Veicolo in marcia contro veicolo fermo;Rettilineo;Una carreggiata a senso unico di marcia;Asciutto;Asfaltata;Verticale ed orizzontale;Sereno;Scarso;Buona;Ore Diurne;0;0;0;3;12.46101;41.93436;-1;2;Velocipede;In marcia / fermata / arresto;Conducente;M;Illeso;0;;Esente;