Protocollo;Gruppo;DataOraIncidente;Localizzazione1;STRADA1;Localizzazione2;STRADA2;Strada02;Chilometrica;DaSpecificare;NaturaIncidente;particolaritastrade;TipoStrada;FondoStradale;Pavimentazione;Segnaletica;CondizioneAtmosferica;Traffico;Visibilita;Illuminazione;NUM_FERITI;NUM_RISERVATA;NUM_MORTI;NUM_ILLESI;Longitudine;Latitudine;Confermato;Progressivo;TipoVeicolo;StatoVeicolo;TipoPersona;Sesso;Tipolesione;Deceduto;DecedutoDopo;CinturaCascoUtilizzato;Airbag
2880199;3;30/06/2016 09:05;Strada Urbana;VIALE DELLO SCALO S. LORENZO;in corrispondenza;;del civico n.;3;;Scontro frontale fra veicoli in marcia;Rettilineo;Più di due carreggiate;Asciutto;Asfaltata;Verticale ed orizzontale;Sereno;Intenso;Buona;Ore Diurne;0;0;0;3;12.5157;41.89309;-1;1;Autovettura privata;In marcia / fermata / arresto;Conducente;F;Illeso;0;;Utilizzato;
2880199;3;30/06/2016 09:05;Strada Urbana;VIALE DELLO SCALO S. LORENZO;in corrispondenza;;del civico n.;3;;Scontro frontale fra veicoli in marcia;Rettilineo;Più di due carreggiate;Asciutto;Asfaltata;Verticale ed orizzontale;Sereno;Intenso;Buona;Ore Diurne;0;0;0;3;12.5157;41.89309;-1;2;Autovettura privata;In marcia / fermata / arresto;Conducente;M;Illeso;0;;;
2880199;3;30/06/2016 09:05;Strada Urbana;VIALE DELLO SCALO S. LORENZO;in corrispondenza;;del civico n.;3;;Scontro frontale fra veicoli in marcia;Rettilineo;Più di due carreggiate;Asciutto;Asfaltata;Verticale ed orizzontale;Sereno;Intenso;Buona;Ore Diurne;0;0;0;3;12.5157;41.89309;-1;2;Autovettura privata;In marcia / fermata / arresto;Passeggero;M;Illeso;0;;Non accertato;
2880210;12;30/06/2016 07:20;Provinciale;VIA LAURENTINA;da specificare;;;;prox Via Agerola;Tamponamento Multiplo;Rettilineo;Una carreggiata a doppio senso;Asciutto;Asfaltata;Temporanea di cantiere;Sereno;Normale;Buona;Ore Diurne;1;0;0;4;12.48147;41.8018;-1;1;Autovettura privata;In marcia / fermata / arresto;Conducente;M;Illeso;0;;Utilizzato;Inesploso
2880210;12;30/06/2016 07:20;Provinciale;VIA LAURENTINA;da specificare;;;;prox Via Agerola;Tamponamento Multiplo;Rettilineo;Una carreggiata a doppio senso;Asciutto;Asfaltata;Temporanea di cantiere;Sereno;Normale;Buona;Ore Diurne;1;0;0;4;12.48147;41.8018;-1;2;Autovettura privata;In marcia / fermata / arresto;Conducente;M;Illeso;0;;Utilizzato;Inesploso
2880210;12;30/06/2016 07:20;Provinciale;VIA LAURENTINA;da specificare;;;;prox Via Agerola;Tamponamento Multiplo;Rettilineo;Una carreggiata a doppio senso;Asciutto;Asfaltata;Temporanea di cantiere;Sereno;Normale;Buona;Ore Diurne;1;0;0;4;12.48147;41.8018;-1;3;Autocarro inferiore 35 q.;In marcia / fermata / arresto;Conducente;M;Rimandato;0;NON DECEDUTO;Utilizzato;Inesploso
2880210;12;30/06/2016 07:20;Provinciale;VIA LAURENTINA;da specificare;;;;prox Via Agerola;Tamponamento Multiplo;Rettilineo;Una carreggiata a doppio senso;Asciutto;Asfaltata;Temporanea di cantiere;Sereno;Normale;Buona;Ore Diurne;1;0;0;4;12.48147;41.8018;-1;4;Autovettura privata;In marcia / fermata / arresto;Conducente;M;Illeso;0;;Utilizzato;Inesploso
2880210;12;30/06/2016 07:20;Provinciale;VIA LAURENTINA;da specificare;;;;prox Via Agerola;Tamponamento Multiplo;Rettilineo;Una carreggiata a doppio senso;Asciutto;Asfaltata;Temporanea di cantiere;Sereno;Normale;Buona;Ore Diurne;1;0;0;4;12.48147;41.8018;-1;4;Autovettura privata;In marcia / fermata / arresto;Passeggero;M;Illeso;0;;Non accertato;Inesploso
2880213;12;30/06/2016 10:50;Strada Urbana;VIALE DELL'AERONAUTICA;all'intersezione con;VIA DEI PIRENEI;VIA DEI PIRENEI;;;Scontro laterale fra veicoli in marcia;Incrocio;Una carreggiata a doppio senso;Asciutto;Asfaltata;Verticale ed orizzontale;Sereno;Normale;Buona;Ore Diurne;0;0;0;2;12.47397;41.82639;-1;1;Autovettura pubblica;In marcia / fermata / arresto;Conducente;M;Illeso;0;;Utilizzato;Inesploso
2880213;12;30/06/2016 10:50;Strada Urbana;VIALE DELL'AERONAUTICA;all'intersezione con;VIA DEI PIRENEI;VIA DEI PIRENEI;;;Scontro laterale fra veicoli in marcia;Incrocio;Una carreggiata a doppio senso;Asciutto;Asfaltata;Verticale ed orizzontale;Sereno;Normale;Buona;Ore Diurne;0;0;0;2;12.47397;41.82639;-1;2;Motociclo a solo;In marcia / fermata / arresto;Conducente;M;Illeso;0;;Utilizzato;
2880215;17;28/06/2016 10:00;Strada Urbana;VIALE VATICANO;in prossimità;;del civico n.;45;;Scontro laterale fra veicoli in marcia;Rettilineo;Una carreggiata a doppio senso;Asciutto;Asfaltata;Verticale ed orizzontale;Sereno;Normale;Buona;Ore Diurne;1;0;0;1;12.44682;41.90251;-1;1;Autovettura privata;In marcia / fermata / arresto;Conducente;M;Rifiuta cure immediate;0;NON DECEDUTO;Non accertato;Inesploso
2880215;17;28/06/2016 10:00;Strada Urbana;VIALE VATICANO;in prossimità;;del civico n.;45;;Scontro laterale fra veicoli in marcia;Rettilineo;Una carreggiata a doppio senso;Asciutto;Asfaltata;Verticale ed orizzontale;Sereno;Normale;Buona;Ore Diurne;1;0;0;1;12.44682;41.90251;-1;2;Autovettura privata;In marcia / fermata / arresto;Conducente;M;Illeso;0;;;
2880240;18;29/06/2016 23:00;Strada Urbana;VIA OVIDIO;all'intersezione con;VIA CRESCENZIO;VIA CRESCENZIO;;;Scontro frontale/laterale DX fra veicoli in marcia;Intersezione stradale segnalata;Una carreggiata a doppio senso;Asciutto;In cubetti di porfido;Verticale ed orizzontale;Sereno;Scarso;Buona;Sufficiente;1;0;0;2;12.46436;41.90663;-1;1;Motociclo a solo;In marcia / fermata / arresto;Conducente;M;Rimandato;0;NON DECEDUTO;;
2880240;18;29/06/2016 23:00;Strada Urbana;VIA OVIDIO;all'intersezione con;VIA CRESCENZIO;VIA CRESCENZIO;;;Scontro frontale/laterale DX fra veicoli in marcia;Intersezione stradale segnalata;Una carreggiata a doppio senso;Asciutto;In cubetti di porfido;Verticale ed orizzontale;Sereno;Scarso;Buona;Sufficiente;1;0;0;2;12.46436;41.90663;-1;2;Autovettura privata;In marcia / fermata / arresto;Conducente;M;Illeso;0;;;
2880240;18;29/06/2016 23:00;Strada Urbana;VIA OVIDIO;all'intersezione con;VIA CRESCENZIO;VIA CRESCENZIO;;;Scontro frontale/laterale DX fra veicoli in marcia;Intersezione stradale segnalata;Una carreggiata a doppio senso;Asciutto;In cubetti di porfido;Verticale ed orizzontale;Sereno;Scarso;Buona;Sufficiente;1;0;0;2;12.46436;41.90663;-1;2;Autovettura privata;In marcia / fermata / arresto;Passeggero;F;Illeso;0;;Non accertato;Inesploso
2880247;17;28/06/2016 14:50;Strada Urbana;VIA MUZIO CLEMENTI;all'intersezione con;VIA GIUSEPPE GIOACHINO BELLI;VIA GIUSEPPE GIOACHINO BELLI;;;Veicolo in marcia contro veicolo in sosta;Incrocio;Una carreggiata a senso unico di marcia;Asciutto;In cubetti di porfido;Verticale ed orizzontale;Sereno;Normale;Buona;Ore Diurne;0;0;0;2;12.47234;41.90767;-1;2;Autovettura privata;In marcia / fermata / arresto;Conducente;F;Illeso;0;;Non accertato;Inesploso
2880247;17;28/06/2016 14:50;Strada Urbana;VIA MUZIO CLEMENTI;all'intersezione con;VIA GIUSEPPE GIOACHINO BELLI;VIA GIUSEPPE GIOACHINO BELLI;;;Veicolo in marcia contro veicolo in sosta;Incrocio;Una carreggiata a senso unico di marcia;Asciutto;In cubetti di porfido;Verticale ed orizzontale;Sereno;Normale;Buona;Ore Diurne;0;0;0;2;12.47234;41.90767;-1;2;Autovettura privata;In marcia / fermata / arresto;Passeggero;F;Illeso;0;;Non accertato;Inesploso
2880249;18;30/06/2016 10:15;Strada Urbana;VIA GATTINARA;da specificare;;;;IN PROSS. DI VIA E.BONDI;Scontro laterale fra veicoli in marcia;Curva senza visuale libera;Una carreggiata a doppio senso;Asciutto;Asfaltata;Assente;Sereno;Scarso;Buona;Ore Diurne;0;0;0;2;12.38576;41.89717;-1;1;Autovettura privata;In marcia / fermata / arresto;Conducente;F;Illeso;0;;;
2880249;18;30/06/2016 10:15;Strada Urbana;VIA GATTINARA;da specificare;;;;IN PROSS. DI VIA E.BONDI;Scontro laterale fra veicoli in marcia;Curva senza visuale libera;Una carreggiata a doppio senso;Asciutto;Asfaltata;Assente;Sereno;Scarso;Buona;Ore Diurne;0;0;0;2;12.38576;41.89717;-1;2;Autovettura privata;In marcia / fermata / arresto;Conducente;F;Illeso;0;;;
2880252;18;30/06/2016 10:25;Strada Urbana;LUNGOTEVERE GIANICOLENSE;all'intersezione semaforizzata con;PONTE GIUSEPPE MAZZINI;PONTE GIUSEPPE MAZZINI;;;Veicolo in marcia contro ostacolo fisso;Intersezione semaforizzata;Una carreggiata a senso unico di marcia;Asciutto;Asfaltata;Verticale ed orizzontale;Sereno;Normale;Buona;Ore Diurne;0;0;0;1;12.46402;41.89727;-1;1;Autocarro inferiore 35 q.;In marcia / fermata / arresto;Conducente;M;Illeso;0;;Non accertato;Inesploso
2880253;18;29/06/2016 09:00;Strada Urbana;VIA AURELIA;in prossimità;;del civico n.;420;;Veicolo in marcia contro ostacolo accidentale;Rettilineo;Due carreggiate;Asciutto;Asfaltata;Verticale ed orizzontale;Sereno;Scarso;Buona;Ore Diurne;1;0;0;1;12.42827;41.89869;-1;1;Motociclo a solo;In marcia / fermata / arresto;Conducente;M;Rifiuta cure immediate;0;NON DECEDUTO;;
2880253;18;29/06/2016 09:00;Strada Urbana;VIA AURELIA;in prossimità;;del civico n.;420;;Veicolo in marcia contro ostacolo accidentale;Rettilineo;Due carreggiate;Asciutto;Asfaltata;Verticale ed orizzontale;Sereno;Scarso;Buona;Ore Diurne;1;0;0;1;12.42827;41.89869;-1;2;Autovettura privata;In marcia / fermata / arresto;Conducente;M;Illeso;0;;;
2880256;18;28/06/2016 15:40;Strada Urbana;CIRCONVALLAZIONE CORNELIA;da specificare;;;;FRONTE CIVICO 96;Veicolo in marcia contro ostacolo accidentale;Rettilineo;Due carreggiate;Asciutto;Asfaltata;Assente;Sereno;Normale;Buona;Ore Diurne;1;0;0;2;12.42587;41.90196;-1;1;Autovettura privata;In marcia / fermata / arresto;Conducente;F;Illeso;0;;Non accertato;Inesploso
2880256;18;28/06/2016 15:40;Strada Urbana;CIRCONVALLAZIONE CORNELIA;da specificare;;;;FRONTE CIVICO 96;Veicolo in marcia contro ostacolo accidentale;Rettilineo;Due carreggiate;Asciutto;Asfaltata;Assente;Sereno;Normale;Buona;Ore Diurne;1;0;0;2;12.42587;41.90196;-1;1;Autovettura privata;In marcia / fermata / arresto;Passeggero;M;Illeso;0;;Non accertato;Inesploso
2880256;18;28/06/2016 15:40;Strada Urbana;CIRCONVALLAZIONE CORNELIA;da specificare;;;;FRONTE CIVICO 96;Veicolo in marcia contro ostacolo accidentale;Rettilineo;Due carreggiate;Asciutto;Asfaltata;Assente;Sereno;Normale;Buona;Ore Diurne;1;0;0;2;12.42587;41.90196;-1;2;Motociclo a solo;In marcia / fermata / arresto;Conducente;M;Rifiuta cure immediate;0;NON DECEDUTO;Non accertato;
2880319;9;28/06/2016 07:20;Strada Urbana;VIA DI PORTA FURBA;da specificare;;;;in prossimità di via Tuscolana;Scontro laterale fra veicoli in marcia;Rettilineo;Una carreggiata a doppio senso;Asciutto;Asfaltata;Orizzontale;Sereno;Normale;Buona;Ore Diurne;0;0;0;2;12.53827;41.86934;-1;1;Autovettura privata;In marcia / fermata / arresto;Conducente;M;Illeso;0;;Non accertato;Inesploso
2880319;9;28/06/2016 07:20;Strada Urbana;VIA DI PORTA FURBA;da specificare;;;;in prossimità di via Tuscolana;Scontro laterale fra veicoli in marcia;Rettilineo;Una carreggiata a doppio senso;Asciutto;Asfaltata;Orizzontale;Sereno;Normale;Buona;Ore Diurne;0;0;0;2;12.53827;41.86934;-1;2;Autovettura privata;In marcia / fermata / arresto;Conducente;M;Illeso;0;;Non accertato;Inesploso
2880332;17;28/06/2016 17:40;Strada Urbana;VIA COLA DI RIENZO;all'intersezione con;VIA ATTILIO REGOLO;VIA ATTILIO REGOLO;;;Tamponamento;Incrocio;Una carreggiata a doppio senso;Asciutto;In cubetti di porfido;Verticale ed orizzontale;Sereno;Normale;Buona;Ore Diurne;2;0;0;1;12.46589;41.90817;-1;1;Autovettura privata;In marcia / fermata / arresto;Conducente;F;Illeso;0;;Non accertato;Inesploso
2880332;17;28/06/2016 17:40;Strada Urbana;VIA COLA DI RIENZO;all'intersezione con;VIA ATTILIO REGOLO;VIA ATTILIO REGOLO;;;Tamponamento;Incrocio;Una carreggiata a doppio senso;Asciutto;In cubetti di porfido;Verticale ed orizzontale;Sereno;Normale;Buona;Ore Diurne;2;0;0;1;12.46589;41.90817;-1;2;Ciclomotore con passeggero;In marcia / fermata / arresto;Conducente;M;Rimandato;0;NON DECEDUTO;Non accertato;
2880332;17;28/06/2016 17:40;Strada Urbana;VIA COLA DI RIENZO;all'intersezione con;VIA ATTILIO REGOLO;VIA ATTILIO REGOLO;;;Tamponamento;Incrocio;Una carreggiata a doppio senso;Asciutto;In cubetti di porfido;Verticale ed orizzontale;Sereno;Normale;Buona;Ore Diurne;2;0;0;1;12.46589;41.90817;-1;2;Ciclomotore con passeggero;In marcia / fermata / arresto;Passeggero;F;Rimandato;0;NON DECEDUTO;Non accertato;
2880358;6;30/06/2016 09:30;Strada Urbana;VIA RENZO DA CERI;in corrispondenza;;del civico n.;146;;Scontro laterale fra veicoli in marcia;Rettilineo;Una carreggiata a senso unico di marcia;Asciutto;Asfaltata;Verticale;Sereno;Normale;Buona;Ore Diurne;0;0;0;3;12.53863;41.88802;-1;1;Autovettura privata;In marcia / fermata / arresto;Conducente;F;Illeso;0;;;
2880358;6;30/06/2016 09:30;Strada Urbana;VIA RENZO DA CERI;in corrispondenza;;del civico n.;146;;Scontro laterale fra veicoli in marcia;Rettilineo;Una carreggiata a senso unico di marcia;Asciutto;Asfaltata;Verticale;Sereno;Normale;Buona;Ore Diurne;0;0;0;3;12.53863;41.88802;-1;1;Autovettura privata;In marcia / fermata / arresto;Passeggero;M;Illeso;0;;;
2880358;6;30/06/2016 09:30;Strada Urbana;VIA RENZO DA CERI;in corrispondenza;;del civico n.;146;;Scontro laterale fra veicoli in marcia;Rettilineo;Una carreggiata a senso unico di marcia;Asciutto;Asfaltata;Verticale;Sereno;Normale;Buona;Ore Diurne;0;0;0;3;12.53863;41.88802;-1;2;Autovettura privata;In marcia / fermata / arresto;Conducente;M;Illeso;0;;;
2880382;19;30/06/2016 14:40;Strada Urbana;VIA MARIO FANI;in prossimità;;del civico n.;48;;Veicolo in marcia contro veicolo in sosta;Rettilineo;Una carreggiata a doppio senso;Asciutto;Asfaltata;Verticale ed orizzontale;Sereno;Scarso;Buona;Ore Diurne;0;0;0;1;12.43997;41.93605;-1;1;Autovettura privata;In marcia / fermata / arresto;Conducente;M;Illeso;0;;Non accertato;Inesploso
2880398;12;30/06/2016 13:33;Strada Urbana;VIALE DEI CADUTI PER LA RESISTENZA;all'intersezione con;VIA DEGLI EROI DI COO;VIA DEGLI EROI DI COO;;;Infortunio per caduta del veicolo;Incrocio;Una carreggiata a senso unico di marcia;Asciutto;Asfaltata;Verticale ed orizzontale;Sereno;Scarso;Buona;Ore Diurne;1;0;0;2;12.44064;41.7854;-1;1;Autocarro inferiore 35 q.;In marcia / fermata / arresto;Conducente;M;Illeso;0;;Utilizzato;Inesploso
2880398;12;30/06/2016 13:33;Strada Urbana;VIALE DEI CADUTI PER LA RESISTENZA;all'intersezione con;VIA DEGLI EROI DI COO;VIA DEGLI EROI DI COO;;;Infortunio per caduta del veicolo;Incrocio;Una carreggiata a senso unico di marcia;Asciutto;Asfaltata;Verticale ed orizzontale;Sereno;Scarso;Buona;Ore Diurne;1;0;0;2;12.44064;41.7854;-1;1;Autocarro inferiore 35 q.;In marcia / fermata / arresto;Passeggero;M;Illeso;0;;Utilizzato;Inesploso
2880398;12;30/06/2016 13:33;Strada Urbana;VIALE DEI CADUTI PER LA RESISTENZA;all'intersezione con;VIA DEGLI EROI DI COO;VIA DEGLI EROI DI COO;;;Infortunio per caduta del veicolo;Incrocio;Una carreggiata a senso unico di marcia;Asciutto;Asfaltata;Verticale ed orizzontale;Sereno;Scarso;Buona;Ore Diurne;1;0;0;2;12.44064;41.7854;-1;2;Motociclo a solo;In marcia / fermata / arresto;Conducente;M;Rimandato;0;NON DECEDUTO;Utilizzato;
2880417;6;30/06/2016 14:45;Strada Urbana;VIA ROVIGNO D'ISTRIA;in corrispondenza;;del civico n.;18;;Scontro laterale fra veicoli in marcia;Rettilineo;Una carreggiata a doppio senso;Asciutto;Asfaltata;Assente;Sereno;Normale;Buona;Ore Diurne;0;0;0;2;12.55653;41.89545;-1;1;Autovettura privata;In marcia / fermata / arresto;Conducente;M;Illeso;0;;Non accertato;Inesploso
2880417;6;30/06/2016 14:45;Strada Urbana;VIA ROVIGNO D'ISTRIA;in corrispondenza;;del civico n.;18;;Scontro laterale fra veicoli in marcia;Rettilineo;Una carreggiata a doppio senso;Asciutto;Asfaltata;Assente;Sereno;Normale;Buona;Ore Diurne;0;0;0;2;12.55653;41.89545;-1;2;Autovettura privata;In marcia / fermata / arresto;Conducente;F;Illeso;0;;Non accertato;Inesploso
2880444;16;28/06/2016 12:00;Strada Urbana;VIA ADOLFO GANDIGLIO;da specificare;;;;prossimità Via del Casaletto;Investimento di pedone;Rettilineo;Una carreggiata a doppio senso;Asciutto;Asfaltata;Verticale ed orizzontale;Sereno;Normale;Buona;Ore Diurne;1;0;0;1;12.43935;41.86642;-1;;;;Pedone;M;Rifiuta cure immediate;0;NON DECEDUTO;;
2880444;16;28/06/2016 12:00;Strada Urbana;VIA ADOLFO GANDIGLIO;da specificare;;;;prossimità Via del Casaletto;Investimento di pedone;Rettilineo;Una carreggiata a doppio senso;Asciutto;Asfaltata;Verticale ed orizzontale;Sereno;Normale;Buona;Ore Diurne;1;0;0;1;12.43935;41.86642;-1;1;Autovettura privata;In marcia / fermata / arresto;Conducente;M;Illeso;0;;Non accertato;Inesploso
2880447;16;28/06/2016 16:00;Strada Urbana;PIAZZA FRANCESCO CUCCHI;da specificare;;;;fronte civico 6;Scontro laterale fra veicoli in marcia;Rotatoria;Due carreggiate;Asciutto;Asfaltata;Verticale ed orizzontale;Sereno;Normale;Buona;Ore Diurne;0;0;0;2;12.45873;41.88538;-1;1;Autovettura privata;In marcia / fermata / arresto;Conducente;M;Illeso;0;;;
2880447;16;28/06/2016 16:00;Strada Urbana;PIAZZA FRANCESCO CUCCHI;da specificare;;;;fronte civico 6;Scontro laterale fra veicoli in marcia;Rotatoria;Due carreggiate;Asciutto;Asfaltata;Verticale ed orizzontale;Sereno;Normale;Buona;Ore Diurne;0;0;0;2;12.45873;41.88538;-1;2;Autovettura privata;Allontanatosi;Conducente;F;Illeso;0;;Non accertato;
2880448;10;30/06/2016 16:20;Strada Urbana;VIA FATTORIA RAMPA;da specificare;;;;interno al parcheggio scoperto IKEA;Scontro frontale/laterale SX fra veicoli in marcia;Rettilineo;Una carreggiata a doppio senso;Asciutto;Asfaltata;Verticale ed orizzontale;Sereno;Scarso;Buona;Ore Diurne;0;0;0;5;12.59271;41.83664;-1;1;Autovettura privata;In marcia / fermata / arresto;Conducente;F;Illeso;0;;Non accertato;Inesploso
2880448;10;30/06/2016 16:20;Strada Urbana;VIA FATTORIA RAMPA;da specificare;;;;interno al parcheggio scoperto IKEA;Scontro frontale/laterale SX fra veicoli in marcia;Rettilineo;Una carreggiata a doppio senso;Asciutto;Asfaltata;Verticale ed orizzontale;Sereno;Scarso;Buona;Ore Diurne;0;0;0;5;12.59271;41.83664;-1;1;Autovettura privata;In marcia / fermata / arresto;Passeggero;M;Illeso;0;;Non accertato;Inesploso
2880448;10;30/06/2016 16:20;Strada Urbana;VIA FATTORIA RAMPA;da specificare;;;;interno al parcheggio scoperto IKEA;Scontro frontale/laterale SX fra veicoli in marcia;Rettilineo;Una carreggiata a doppio senso;Asciutto;Asfaltata;Verticale ed orizzontale;Sereno;Scarso;Buona;Ore Diurne;0;0;0;5;12.59271;41.83664;-1;1;Autovettura privata;In marcia / fermata / arresto;Passeggero;F;Illeso;0;;Non accertato;Inesploso
2880448;10;30/06/2016 16:20;Strada Urbana;VIA FATTORIA RAMPA;da specificare;;;;interno al parcheggio scoperto IKEA;Scontro frontale/laterale SX fra veicoli in marcia;Rettilineo;Una carreggiata a doppio senso;Asciutto;Asfaltata;Verticale ed orizzontale;Sereno;Scarso;Buona;Ore Diurne;0;0;0;5;12.59271;41.83664;-1;1;Autovettura privata;In marcia / fermata / arresto;Passeggero;M;Illeso;0;;Non accertato;Inesploso
2880448;10;30/06/2016 16:20;Strada Urbana;VIA FATTORIA RAMPA;da specificare;;;;interno al parcheggio scoperto IKEA;Scontro frontale/laterale SX fra veicoli in marcia;Rettilineo;Una carreggiata a doppio senso;Asciutto;Asfaltata;Verticale ed orizzontale;Sereno;Scarso;Buona;Ore Diurne;0;0;0;5;12.59271;41.83664;-1;2;Autovettura privata;In marcia / fermata / arresto;Conducente;F;Illeso;0;;Non accertato;Inesploso
2880460;16;29/06/2016 09:50;Strada Urbana;VIA FEDERICO DI DONATO;all'intersezione semaforizzata con;VIA BERNARDINO RAMAZZINI;VIA BERNARDINO RAMAZZINI;;;Scontro frontale/laterale DX fra veicoli in marcia;Intersezione semaforizzata;Una carreggiata a doppio senso;Asciutto;Asfaltata;Verticale ed orizzontale;Sereno;Scarso;Buona;Ore Diurne;0;0;0;5;12.44886;41.86542;-1;1;Autovettura privata;In marcia / fermata / arresto;Conducente;M;Illeso;0;;Non accertato;
2880460;16;29/06/2016 09:50;Strada Urbana;VIA FEDERICO DI DONATO;all'intersezione semaforizzata con;VIA BERNARDINO RAMAZZINI;VIA BERNARDINO RAMAZZINI;;;Scontro frontale/laterale DX fra veicoli in marcia;Intersezione semaforizzata;Una carreggiata a doppio senso;Asciutto;Asfaltata;Verticale ed orizzontale;Sereno;Scarso;Buona;Ore Diurne;0;0;0;5;12.44886;41.86542;-1;1;Autovettura privata;In marcia / fermata / arresto;Passeggero;F;Illeso;0;;Non accertato;
2880460;16;29/06/2016 09:50;Strada Urbana;VIA FEDERICO DI DONATO;all'intersezione semaforizzata con;VIA BERNARDINO RAMAZZINI;VIA BERNARDINO RAMAZZINI;;;Scontro frontale/laterale DX fra veicoli in marcia;Intersezione semaforizzata;Una carreggiata a doppio senso;Asciutto;Asfaltata;Verticale ed orizzontale;Sereno;Scarso;Buona;Ore Diurne;0;0;0;5;12.44886;41.86542;-1;2;Autovettura privata;In marcia / fermata / arresto;Conducente;F;Illeso;0;;Non accertato;
2880460;16;29/06/2016 09:50;Strada Urbana;VIA FEDERICO DI DONATO;all'intersezione semaforizzata con;VIA BERNARDINO RAMAZZINI;VIA BERNARDINO RAMAZZINI;;;Scontro frontale/laterale DX fra veicoli in marcia;Intersezione semaforizzata;Una carreggiata a doppio senso;Asciutto;Asfaltata;Verticale ed orizzontale;Sereno;Scarso;Buona;Ore Diurne;0;0;0;5;12.44886;41.86542;-1;2;Autovettura privata;In marcia / fermata / arresto;Passeggero;F;Illeso;0;;Non accertato;
2880460;16;29/06/2016 09:50;Strada Urbana;VIA FEDERICO DI DONATO;all'intersezione semaforizzata con;VIA BERNARDINO RAMAZZINI;VIA BERNARDINO RAMAZZINI;;;Scontro frontale/laterale DX fra veicoli in marcia;Intersezione semaforizzata;Una carreggiata a doppio senso;Asciutto;Asfaltata;Verticale ed orizzontale;Sereno;Scarso;Buona;Ore Diurne;0;0;0;5;12.44886;41.86542;-1;2;Autovettura privata;In marcia / fermata / arresto;Passeggero;F;Illeso;0;;Non accertato;
2880462;9;30/06/2016 15:30;Strada Urbana;VIA SATRICO;all'intersezione semaforizzata con;VIA ACAIA;VIA ACAIA;;;Tamponamento;Intersezione semaforizzata;Una carreggiata a doppio senso;Asciutto;Asfaltata;Verticale ed orizzontale;Sereno;Intenso;Buona;Ore Diurne;0;0;0;2;12.50713;41.87724;-1;1;Autovettura privata;In marcia / fermata / arresto;Conducente;M;Illeso;0;;Non accertato;
2880462;9;30/06/2016 15:30;Strada Urbana;VIA SATRICO;all'intersezione semaforizzata con;VIA ACAIA;VIA ACAIA;;;Tamponamento;Intersezione semaforizzata;Una carreggiata a doppio senso;Asciutto;Asfaltata;Verticale ed orizzontale;Sereno;Intenso;Buona;Ore Diurne;0;0;0;2;12.50713;41.87724;-1;2;Autovettura privata;In marcia / fermata / arresto;Conducente;F;Illeso;0;;Non accertato;
2880498;16;29/06/2016 20:10;Strada Urbana;PIAZZA CARLO FORLANINI;da specificare;;;;in prossimità del fronte civico 1;Investimento di pedone;Rettilineo;Due carreggiate;Asciutto;Asfaltata;Verticale ed orizzontale;Sereno;Scarso;Sufficiente;Ore Diurne;1;0;0;1;12.44991;41.86705;-1;;;;Pedone;M;Rimandato;0;NON DECEDUTO;;
2880498;16;29/06/2016 20:10;Strada Urbana;PIAZZA CARLO FORLANINI;da specificare;;;;in prossimità del fronte civico 1;Investimento di pedone;Rettilineo;Due carreggiate;Asciutto;Asfaltata;Verticale ed orizzontale;Sereno;Scarso;Sufficiente;Ore Diurne;1;0;0;1;12.44991;41.86705;-1;1;Ciclomotore;In marcia / fermata / arresto;Conducente;M;Illeso;0;;Non accertato;
2880505;16;28/06/2016 06:35;Strada Urbana;VIA DI DONNA OLIMPIA;in prossimità;;del civico n.;14;;Scontro frontale/laterale SX fra veicoli in marcia;Rettilineo;Una carreggiata a senso unico di marcia;Asciutto;Asfaltata;Assente;Sereno;Normale;Buona;Ore Diurne;0;0;0;1;12.45099;41.87939;-1;1;Autovettura privata;In marcia / fermata / arresto;Conducente;M;Illeso;0;;Non accertato;
2880514;6;30/06/2016 15:20;Strada Urbana;VIA NICOLO' FORTEGUERRI;in corrispondenza;;del civico n.;21;;Scontro laterale fra veicoli in marcia;Rettilineo;Una carreggiata a doppio senso;Asciutto;Asfaltata;Verticale ed orizzontale;Sereno;Scarso;Buona;Ore Diurne;1;0;0;0;12.54085;41.89154;-1;1;Motociclo a solo;In marcia / fermata / arresto;Conducente;M;Rifiuta cure immediate;0;NON DECEDUTO;Non accertato;
2880539;7;30/06/2016 13:30;Strada Urbana;VIA PRENESTINA;all'intersezione con;VIA DI TOR TRE TESTE;VIA DI TOR TRE TESTE;;;Tamponamento;Incrocio;Una carreggiata a doppio senso;Asciutto;Asfaltata;Verticale ed orizzontale;Sereno;Normale;Buona;Ore Diurne;2;0;0;0;12.59115;41.89409;-1;1;Autovettura privata;In marcia / fermata / arresto;Conducente;F;Ricoverato;0;NON DECEDUTO;Non accertato;Esploso
2880539;7;30/06/2016 13:30;Strada Urbana;VIA PRENESTINA;all'intersezione con;VIA DI TOR TRE TESTE;VIA DI TOR TRE TESTE;;;Tamponamento;Incrocio;Una carreggiata a doppio senso;Asciutto;Asfaltata;Verticale ed orizzontale;Sereno;Normale;Buona;Ore Diurne;2;0;0;0;12.59115;41.89409;-1;2;Autovettura privata;In marcia / fermata / arresto;Conducente;M;Ricoverato;0;NON DECEDUTO;Non accertato;Inesploso